-- ============================================================
--   Fichier   :  donnees.sql                                
--   Nom de la base   :  Parking_campus                                
--   Nom de SGBD      :  15.1 Distrib 10.6.7-MariaDB                    
--   Date de creation :  19/11/2022 02:29                     
-- ============================================================

-- -----------------------------------------------------
-- Table COMMUNES
-- -----------------------------------------------------
insert into COMMUNES values (92170, 'VANVES');
insert into COMMUNES values (92370, 'CHAVILLE');
insert into COMMUNES values (92410, 'VILLE D AVRAY');
insert into COMMUNES values (92310, 'SEVRES');
insert into COMMUNES values (92190, 'MEUDON');
insert into COMMUNES values (92100, 'BOULOGNE-BILLANCOURT');
insert into COMMUNES values (92130, 'ISSY-LES-MOULINEAUX');

-- -----------------------------------------------------
-- Table PARKINGS
-- -----------------------------------------------------
insert into PARKINGS values (1, 'Niwa', '16  RUE RENE COCHE', 0, 46, 92170);
insert into PARKINGS values (2, 'Atrium', '965  AVENUE ROGER SALENGRO', 0, 16, 92370);
insert into PARKINGS values (3, 'Parking Fausses-Reposes', 'ROUTE DE VERSAILLES', 0, 57, 92410);
insert into PARKINGS values (4, 'Gabriel Péri', 'PLACE GABRIEL PERI', 0, 58, 92310);
insert into PARKINGS values (5, 'Marché', '2 TER AVENUE DE L EUROPE', 0, 37, 92310);
insert into PARKINGS values (6, 'Parking Terre Neuve', 'RUE TERRE NEUVE', 0, 33, 92190);
insert into PARKINGS values (7, 'Parking Forêt de Fausses-Reposes', 'ROUTE DES CERISIERS', 0, 24, 92410);
insert into PARKINGS values (8, 'Parking Jean Jaurès', 'RUE JEAN JAURES', 0, 15, 92370);
insert into PARKINGS values (9, 'Parking Mortes Fontaines', 'RUE DES MORTES FONTAINES', 0, 8, 92370);
insert into PARKINGS values (10, 'Les Passages', '161  RUE D AGUESSEAU', 0, 16, 92100);
insert into PARKINGS values (11, 'Rives de Seine', '38  QUAI GEORGES GORSE', 0, 12, 92100);
insert into PARKINGS values (12, 'Cours de l Île Seguin', 'COURS DE L ILE SEGUIN', 0, 19, 92100);
insert into PARKINGS values (13, 'Avant-Seine', '5  RUE DU MARTIN PECHEUR', 0, 60, 92190);
insert into PARKINGS values (14, 'Marché', '23  RUE ANTOINE FRATACCI', 0, 90, 92170);
insert into PARKINGS values (15, 'Issy Val de Seine', '7  RUE ROUGET DE L ISLE', 0, 10, 92130);
insert into PARKINGS values (16, 'Île Saint Germain', '169  QUAI DE STALINGRAD', 0, 15, 92130);
insert into PARKINGS values (17, 'Gare Rive Droite', '34  RUE CARNOT', 0, 49, 92370);
insert into PARKINGS values (18, 'Issy Coeur de Ville', 'RUE VICTOR HUGO', 0, 19, 92130);
insert into PARKINGS values (19, 'Hôtel de Ville', '24 BIS AVENUE ANDRE MORIZET', 0, 19, 92100);
insert into PARKINGS values (20, 'Troyon', '4  RUE TROYON', 0, 20, 92310);
insert into PARKINGS values (21, 'Corentin Celton', '19  RUE VAUDETARD', 0, 14, 92130);
insert into PARKINGS values (22, 'Hôtel de Ville', '60  RUE DU GENERAL LECLERC', 0, 11, 92130);
insert into PARKINGS values (23, 'Point du Jour', 'PLACE ABEL GANCE', 0, 15, 92100);
insert into PARKINGS values (24, 'Parking Rue de Versailles', 'RUE DE VERSAILLES', 0, 80, 92410);
insert into PARKINGS values (25, 'Pont de Sèvres', '82  RUE DE SEVRES', 0, 11, 92100);
insert into PARKINGS values (26, 'Parking Riocreux', 'RUE RIOCREUX', 0, 17, 92310);
insert into PARKINGS values (27, 'Marché de Billancourt', '150  RUE DU VIEUX PONT DE SEVRES', 0, 19, 92100);
insert into PARKINGS values (28, 'Parking Le Muguet', 'RUE DU COLONEL MARCHAND', 0, 10, 92370);
insert into PARKINGS values (29, 'Maningue', 'RUE DE SAINT CLOUD', 0, 15, 92410);
insert into PARKINGS values (30, 'Parking Brimborion', 'RUE HENRI SAVIGNAC', 0, 40, 92190);
insert into PARKINGS values (31, 'Le Gallo', '28  RUE DE SEVRES', 0, 15, 92100);
insert into PARKINGS values (32, 'Parchamp', '7 TER RUE DU PARCHAMP', 0, 12, 92100);
insert into PARKINGS values (33, 'Musée de Sèvres', 'ROUTE DE SAINT CLOUD', 0, 18, 92310);
insert into PARKINGS values (34, 'Centre-Ville', '10  RUE LECOINTRE', 0, 17, 92310);
insert into PARKINGS values (35, 'Parking De Gaulle', 'PLACE CHARLES DE GAULLE', 0, 82, 92410);
insert into PARKINGS values (36, 'Parking Malglaive', '12  RUE DE SEVRES', 0, 31, 92410);
insert into PARKINGS values (37, 'Piscine', '12  RUE LARMEROUX', 0, 10, 92170);
insert into PARKINGS values (38, 'Ecoquartier', '9  RUE MAZKERET BATIA', 0, 94, 92190);
insert into PARKINGS values (39, 'Heyrault', '12-14  RUE HEYRAULT', 0, 98, 92100);
insert into PARKINGS values (40, 'Parking Brancas', 'RUE BRANCAS', 0, 16, 92310);
insert into PARKINGS values (41, 'Parking Baudreuil', 'RUE DE BAUDREUIL', 0, 24, 92190);
insert into PARKINGS values (42, 'Manufacture', '2  PLACE DE LA MANUFACTURE NATIONALE', 0, 58, 92310);
insert into PARKINGS values (43, 'Bellefeuille', '30  RUE DE LA BELLE FEUILLE', 0, 12, 92100);
insert into PARKINGS values (44, 'Parking Troyon Passerelle de la Seine Musicale', '40  RUE TROYON', 0, 25, 92310);
insert into PARKINGS values (45, 'Centre-Ville', '1471  AVENUE ROGER SALENGRO', 0, 82, 92370);
insert into PARKINGS values (46, 'Cabourg', 'RUE JACQUES CABOURG', 0, 75, 92170);
insert into PARKINGS values (47, 'Fontaine du Roy', '6  RUE DE SAINT CLOUD', 0, 69, 92410);
insert into PARKINGS values (48, 'Place Centrale', 'RUE BERNARD DELPUECH', 0, 16, 92190);
insert into PARKINGS values (49, 'Île de Monsieur', 'ROUTE DE SAINT CLOUD', 0, 69, 92310);
insert into PARKINGS values (50, 'Gymnase', '39-41  GRANDE RUE', 0, 11, 92310);
insert into PARKINGS values (51, 'Parking Marcel Allegot', 'RUE MARCEL ALLEGOT', 0, 18, 92190);
insert into PARKINGS values (52, 'Camille Desmoulins', '56  RUE CAMILLE DESMOULINS', 0, 11, 92130);

-- -----------------------------------------------------
-- Table VEHICULES
-- -----------------------------------------------------
insert into VEHICULES values ('QR77JW', 'Nissan', '2007-12-15 20:34:38', 102535, 'Occasion');
insert into VEHICULES values ('OY93RQ', 'Peugeot', '2004-04-17 10:48:03', 65679, 'Neuf');
insert into VEHICULES values ('ER27VP', 'Subaru', '2017-10-25 10:48:19', 56236, 'Neuf');
insert into VEHICULES values ('KX77MY', 'Seat', '2014-06-06 06:24:33', 78850, 'Occasion');
insert into VEHICULES values ('CM99WQ', 'Infiniti', '2008-12-12 13:13:37', 113117, 'Occasion');
insert into VEHICULES values ('AW96NT', 'Subaru', '2009-10-22 23:10:03', 130324, 'Occasion');
insert into VEHICULES values ('LV87JF', 'Infiniti', '2006-01-05 16:08:39', 36682, 'Neuf');
insert into VEHICULES values ('IL14KP', 'Toyota', '2005-01-30 02:32:43', 101148, 'Neuf');
insert into VEHICULES values ('OA04QC', 'Daewoo', '2015-04-03 01:14:33', 149345, 'Occasion');
insert into VEHICULES values ('ND92IO', 'Chevrolet', '2010-05-22 09:24:50', 89953, 'Neuf');
insert into VEHICULES values ('RV04OQ', 'Infiniti', '2021-04-04 05:07:12', 112522, 'Neuf');
insert into VEHICULES values ('QX88ZU', 'Volkswagen', '2017-09-16 03:21:52', 44662, 'Neuf');
insert into VEHICULES values ('SM65WY', 'Chrysler', '2008-01-07 07:57:59', 44155, 'Occasion');
insert into VEHICULES values ('ST25HO', 'Jaguar', '1999-10-03 14:40:03', 144761, 'Neuf');
insert into VEHICULES values ('DP89XA', 'Audi', '2021-12-13 11:55:35', 68231, 'Neuf');
insert into VEHICULES values ('LK98OF', 'Alfa Romeo', '2017-07-07 20:45:30', 68486, 'Neuf');
insert into VEHICULES values ('GZ66BC', 'Daewoo', '2015-03-08 04:58:18', 12070, 'Neuf');
insert into VEHICULES values ('AL14WG', 'Smart', '2016-05-18 09:10:33', 47974, 'Neuf');
insert into VEHICULES values ('IE89JN', 'BMW', '2015-09-30 22:23:58', 90656, 'Neuf');
insert into VEHICULES values ('QK92LN', 'Subaru', '2007-02-20 03:16:02', 74641, 'Neuf');
insert into VEHICULES values ('MI61IS', 'Porsche', '1999-03-19 13:36:35', 43883, 'Occasion');
insert into VEHICULES values ('MK78JG', 'Honda', '2012-11-09 20:31:25', 54629, 'Occasion');
insert into VEHICULES values ('ER04QF', 'MINI', '2003-02-16 20:18:33', 11667, 'Occasion');
insert into VEHICULES values ('YE69XL', 'Mercedes-Benz', '2007-07-14 20:27:31', 69553, 'Occasion');
insert into VEHICULES values ('FL43XT', 'Mazda', '2002-10-12 09:21:47', 30328, 'Neuf');
insert into VEHICULES values ('TA85GA', 'Dodge', '2013-04-03 14:53:03', 126407, 'Neuf');
insert into VEHICULES values ('HH47LH', 'Hummer', '2014-01-02 09:45:40', 105441, 'Occasion');
insert into VEHICULES values ('JN04HR', 'Land Rover', '2006-07-28 22:28:27', 32536, 'Occasion');
insert into VEHICULES values ('LD23RX', 'Chrysler', '2019-05-01 23:21:41', 135262, 'Occasion');
insert into VEHICULES values ('ZG99FA', 'Jeep', '2015-07-31 02:47:43', 80504, 'Occasion');
insert into VEHICULES values ('PG90PN', 'Renault', '2004-06-21 12:11:23', 140191, 'Occasion');
insert into VEHICULES values ('SR47MY', 'Infiniti', '2008-07-27 20:14:37', 28065, 'Occasion');
insert into VEHICULES values ('OG56HP', 'Mazda', '2009-08-18 17:00:31', 143022, 'Occasion');
insert into VEHICULES values ('AX18GK', 'BMW', '2003-07-23 22:21:20', 62383, 'Neuf');
insert into VEHICULES values ('XC56VL', 'Alfa Romeo', '2004-12-26 16:30:21', 105314, 'Neuf');
insert into VEHICULES values ('RH21SD', 'Dodge', '2011-10-08 08:10:16', 6532, 'Occasion');
insert into VEHICULES values ('DT34QF', 'Alfa Romeo', '2018-01-30 10:00:59', 114260, 'Occasion');
insert into VEHICULES values ('NP83MM', 'Porsche', '2001-05-18 15:57:29', 56472, 'Neuf');
insert into VEHICULES values ('XU39CA', 'BMW', '2001-03-19 11:34:53', 145228, 'Neuf');
insert into VEHICULES values ('PL40WM', 'Jeep', '2002-11-15 02:03:41', 42819, 'Neuf');
insert into VEHICULES values ('OU54PZ', 'Nissan', '2010-08-10 21:44:31', 79769, 'Occasion');
insert into VEHICULES values ('DH06YA', 'Citroën', '2017-02-24 05:44:49', 84808, 'Neuf');
insert into VEHICULES values ('IR11LX', 'Jaguar', '2007-12-29 15:59:43', 12553, 'Occasion');
insert into VEHICULES values ('HX31UA', 'Honda', '2012-06-09 07:44:28', 87136, 'Occasion');
insert into VEHICULES values ('QK57PU', 'Škoda', '2017-03-14 15:28:23', 27849, 'Neuf');
insert into VEHICULES values ('VP24PN', 'Lexus', '2017-01-13 09:06:54', 98490, 'Neuf');
insert into VEHICULES values ('TK88TT', 'Mitsubishi', '2005-08-12 18:20:59', 94709, 'Occasion');
insert into VEHICULES values ('MU93BK', 'Chevrolet', '2011-03-17 10:52:24', 118318, 'Occasion');
insert into VEHICULES values ('HO79IK', 'Hyundai', '2020-11-23 22:53:39', 110196, 'Occasion');
insert into VEHICULES values ('GE55HB', 'Land Rover', '2021-08-10 17:54:28', 142842, 'Occasion');

-- -----------------------------------------------------
-- Table PLACES
-- -----------------------------------------------------
insert into PLACES values (1, 0, 1);
insert into PLACES values (2, 1, 1);
insert into PLACES values (3, 2, 1);
insert into PLACES values (4, 3, 1);
insert into PLACES values (5, 4, 1);
insert into PLACES values (6, 5, 1);
insert into PLACES values (7, 6, 1);
insert into PLACES values (8, 0, 2);
insert into PLACES values (9, 1, 2);
insert into PLACES values (10, 0, 3);
insert into PLACES values (11, 1, 3);
insert into PLACES values (12, 2, 3);
insert into PLACES values (13, 3, 3);
insert into PLACES values (14, 4, 3);
insert into PLACES values (15, 5, 3);
insert into PLACES values (16, 6, 3);
insert into PLACES values (17, 7, 3);
insert into PLACES values (18, 8, 3);
insert into PLACES values (19, 9, 3);
insert into PLACES values (20, 10, 3);
insert into PLACES values (21, 11, 3);
insert into PLACES values (22, 12, 3);
insert into PLACES values (23, 13, 3);
insert into PLACES values (24, 14, 3);
insert into PLACES values (25, 15, 3);
insert into PLACES values (26, 16, 3);
insert into PLACES values (27, 17, 3);
insert into PLACES values (28, 18, 3);
insert into PLACES values (29, 19, 3);
insert into PLACES values (30, 20, 3);
insert into PLACES values (31, 21, 3);
insert into PLACES values (32, 22, 3);
insert into PLACES values (33, 23, 3);
insert into PLACES values (34, 24, 3);
insert into PLACES values (35, 25, 3);
insert into PLACES values (36, 26, 3);
insert into PLACES values (37, 27, 3);
insert into PLACES values (38, 28, 3);
insert into PLACES values (39, 29, 3);
insert into PLACES values (40, 30, 3);
insert into PLACES values (41, 31, 3);
insert into PLACES values (42, 32, 3);
insert into PLACES values (43, 33, 3);
insert into PLACES values (44, 34, 3);
insert into PLACES values (45, 35, 3);
insert into PLACES values (46, 36, 3);
insert into PLACES values (47, 37, 3);
insert into PLACES values (48, 38, 3);
insert into PLACES values (49, 39, 3);
insert into PLACES values (50, 40, 3);
insert into PLACES values (51, 41, 3);
insert into PLACES values (52, 42, 3);
insert into PLACES values (53, 43, 3);
insert into PLACES values (54, 44, 3);
insert into PLACES values (55, 45, 3);
insert into PLACES values (56, 0, 4);
insert into PLACES values (57, 1, 4);
insert into PLACES values (58, 2, 4);
insert into PLACES values (59, 3, 4);
insert into PLACES values (60, 4, 4);
insert into PLACES values (61, 5, 4);
insert into PLACES values (62, 6, 4);
insert into PLACES values (63, 7, 4);
insert into PLACES values (64, 8, 4);
insert into PLACES values (65, 9, 4);
insert into PLACES values (66, 10, 4);
insert into PLACES values (67, 11, 4);
insert into PLACES values (68, 0, 5);
insert into PLACES values (69, 1, 5);
insert into PLACES values (70, 2, 5);
insert into PLACES values (71, 3, 5);
insert into PLACES values (72, 4, 5);
insert into PLACES values (73, 5, 5);
insert into PLACES values (74, 6, 5);
insert into PLACES values (75, 7, 5);
insert into PLACES values (76, 8, 5);
insert into PLACES values (77, 9, 5);
insert into PLACES values (78, 10, 5);
insert into PLACES values (79, 11, 5);
insert into PLACES values (80, 12, 5);
insert into PLACES values (81, 13, 5);
insert into PLACES values (82, 14, 5);
insert into PLACES values (83, 15, 5);
insert into PLACES values (84, 16, 5);
insert into PLACES values (85, 17, 5);
insert into PLACES values (86, 18, 5);
insert into PLACES values (87, 19, 5);
insert into PLACES values (88, 20, 5);
insert into PLACES values (89, 0, 6);
insert into PLACES values (90, 1, 6);
insert into PLACES values (91, 2, 6);
insert into PLACES values (92, 3, 6);
insert into PLACES values (93, 4, 6);
insert into PLACES values (94, 5, 6);
insert into PLACES values (95, 6, 6);
insert into PLACES values (96, 7, 6);
insert into PLACES values (97, 8, 6);
insert into PLACES values (98, 9, 6);
insert into PLACES values (99, 10, 6);
insert into PLACES values (100, 0, 7);
insert into PLACES values (101, 1, 7);
insert into PLACES values (102, 0, 8);
insert into PLACES values (103, 1, 8);
insert into PLACES values (104, 2, 8);
insert into PLACES values (105, 3, 8);
insert into PLACES values (106, 4, 8);
insert into PLACES values (107, 0, 9);
insert into PLACES values (108, 1, 9);
insert into PLACES values (109, 2, 9);
insert into PLACES values (110, 3, 9);
insert into PLACES values (111, 4, 9);
insert into PLACES values (112, 5, 9);
insert into PLACES values (113, 0, 10);
insert into PLACES values (114, 1, 10);
insert into PLACES values (115, 2, 10);
insert into PLACES values (116, 3, 10);
insert into PLACES values (117, 4, 10);
insert into PLACES values (118, 5, 10);
insert into PLACES values (119, 6, 10);
insert into PLACES values (120, 0, 11);
insert into PLACES values (121, 1, 11);
insert into PLACES values (122, 2, 11);
insert into PLACES values (123, 3, 11);
insert into PLACES values (124, 4, 11);
insert into PLACES values (125, 5, 11);
insert into PLACES values (126, 6, 11);
insert into PLACES values (127, 7, 11);
insert into PLACES values (128, 8, 11);
insert into PLACES values (129, 9, 11);
insert into PLACES values (130, 10, 11);
insert into PLACES values (131, 11, 11);
insert into PLACES values (132, 0, 12);
insert into PLACES values (133, 1, 12);
insert into PLACES values (134, 2, 12);
insert into PLACES values (135, 3, 12);
insert into PLACES values (136, 4, 12);
insert into PLACES values (137, 5, 12);
insert into PLACES values (138, 6, 12);
insert into PLACES values (139, 7, 12);
insert into PLACES values (140, 8, 12);
insert into PLACES values (141, 9, 12);
insert into PLACES values (142, 10, 12);
insert into PLACES values (143, 11, 12);
insert into PLACES values (144, 12, 12);
insert into PLACES values (145, 0, 13);
insert into PLACES values (146, 1, 13);
insert into PLACES values (147, 2, 13);
insert into PLACES values (148, 3, 13);
insert into PLACES values (149, 4, 13);
insert into PLACES values (150, 5, 13);
insert into PLACES values (151, 6, 13);
insert into PLACES values (152, 7, 13);
insert into PLACES values (153, 8, 13);
insert into PLACES values (154, 9, 13);
insert into PLACES values (155, 10, 13);
insert into PLACES values (156, 11, 13);
insert into PLACES values (157, 12, 13);
insert into PLACES values (158, 13, 13);
insert into PLACES values (159, 14, 13);
insert into PLACES values (160, 15, 13);
insert into PLACES values (161, 16, 13);
insert into PLACES values (162, 17, 13);
insert into PLACES values (163, 18, 13);
insert into PLACES values (164, 0, 14);
insert into PLACES values (165, 1, 14);
insert into PLACES values (166, 2, 14);
insert into PLACES values (167, 3, 14);
insert into PLACES values (168, 4, 14);
insert into PLACES values (169, 5, 14);
insert into PLACES values (170, 6, 14);
insert into PLACES values (171, 7, 14);
insert into PLACES values (172, 8, 14);
insert into PLACES values (173, 9, 14);
insert into PLACES values (174, 10, 14);
insert into PLACES values (175, 11, 14);
insert into PLACES values (176, 12, 14);
insert into PLACES values (177, 13, 14);
insert into PLACES values (178, 14, 14);
insert into PLACES values (179, 15, 14);
insert into PLACES values (180, 16, 14);
insert into PLACES values (181, 17, 14);
insert into PLACES values (182, 18, 14);
insert into PLACES values (183, 19, 14);
insert into PLACES values (184, 20, 14);
insert into PLACES values (185, 21, 14);
insert into PLACES values (186, 22, 14);
insert into PLACES values (187, 23, 14);
insert into PLACES values (188, 24, 14);
insert into PLACES values (189, 25, 14);
insert into PLACES values (190, 26, 14);
insert into PLACES values (191, 27, 14);
insert into PLACES values (192, 28, 14);
insert into PLACES values (193, 29, 14);
insert into PLACES values (194, 30, 14);
insert into PLACES values (195, 31, 14);
insert into PLACES values (196, 32, 14);
insert into PLACES values (197, 33, 14);
insert into PLACES values (198, 34, 14);
insert into PLACES values (199, 35, 14);
insert into PLACES values (200, 36, 14);
insert into PLACES values (201, 37, 14);
insert into PLACES values (202, 38, 14);
insert into PLACES values (203, 39, 14);
insert into PLACES values (204, 40, 14);
insert into PLACES values (205, 41, 14);
insert into PLACES values (206, 0, 15);
insert into PLACES values (207, 1, 15);
insert into PLACES values (208, 2, 15);
insert into PLACES values (209, 3, 15);
insert into PLACES values (210, 4, 15);
insert into PLACES values (211, 5, 15);
insert into PLACES values (212, 6, 15);
insert into PLACES values (213, 7, 15);
insert into PLACES values (214, 0, 16);
insert into PLACES values (215, 1, 16);
insert into PLACES values (216, 2, 16);
insert into PLACES values (217, 3, 16);
insert into PLACES values (218, 4, 16);
insert into PLACES values (219, 5, 16);
insert into PLACES values (220, 6, 16);
insert into PLACES values (221, 7, 16);
insert into PLACES values (222, 8, 16);
insert into PLACES values (223, 9, 16);
insert into PLACES values (224, 10, 16);
insert into PLACES values (225, 11, 16);
insert into PLACES values (226, 12, 16);
insert into PLACES values (227, 13, 16);
insert into PLACES values (228, 14, 16);
insert into PLACES values (229, 0, 17);
insert into PLACES values (230, 1, 17);
insert into PLACES values (231, 2, 17);
insert into PLACES values (232, 3, 17);
insert into PLACES values (233, 4, 17);
insert into PLACES values (234, 5, 17);
insert into PLACES values (235, 6, 17);
insert into PLACES values (236, 7, 17);
insert into PLACES values (237, 8, 17);
insert into PLACES values (238, 9, 17);
insert into PLACES values (239, 10, 17);
insert into PLACES values (240, 11, 17);
insert into PLACES values (241, 12, 17);
insert into PLACES values (242, 13, 17);
insert into PLACES values (243, 14, 17);
insert into PLACES values (244, 15, 17);
insert into PLACES values (245, 16, 17);
insert into PLACES values (246, 17, 17);
insert into PLACES values (247, 18, 17);
insert into PLACES values (248, 19, 17);
insert into PLACES values (249, 20, 17);
insert into PLACES values (250, 21, 17);
insert into PLACES values (251, 22, 17);
insert into PLACES values (252, 23, 17);
insert into PLACES values (253, 24, 17);
insert into PLACES values (254, 25, 17);
insert into PLACES values (255, 26, 17);
insert into PLACES values (256, 0, 18);
insert into PLACES values (257, 1, 18);
insert into PLACES values (258, 2, 18);
insert into PLACES values (259, 3, 18);
insert into PLACES values (260, 4, 18);
insert into PLACES values (261, 5, 18);
insert into PLACES values (262, 6, 18);
insert into PLACES values (263, 7, 18);
insert into PLACES values (264, 0, 19);
insert into PLACES values (265, 1, 19);
insert into PLACES values (266, 2, 19);
insert into PLACES values (267, 3, 19);
insert into PLACES values (268, 4, 19);
insert into PLACES values (269, 5, 19);
insert into PLACES values (270, 6, 19);
insert into PLACES values (271, 7, 19);
insert into PLACES values (272, 8, 19);
insert into PLACES values (273, 9, 19);
insert into PLACES values (274, 0, 20);
insert into PLACES values (275, 1, 20);
insert into PLACES values (276, 0, 21);
insert into PLACES values (277, 0, 22);
insert into PLACES values (278, 1, 22);
insert into PLACES values (279, 2, 22);
insert into PLACES values (280, 3, 22);
insert into PLACES values (281, 4, 22);
insert into PLACES values (282, 5, 22);
insert into PLACES values (283, 0, 23);
insert into PLACES values (284, 1, 23);
insert into PLACES values (285, 2, 23);
insert into PLACES values (286, 3, 23);
insert into PLACES values (287, 4, 23);
insert into PLACES values (288, 5, 23);
insert into PLACES values (289, 0, 24);
insert into PLACES values (290, 1, 24);
insert into PLACES values (291, 2, 24);
insert into PLACES values (292, 3, 24);
insert into PLACES values (293, 4, 24);
insert into PLACES values (294, 5, 24);
insert into PLACES values (295, 6, 24);
insert into PLACES values (296, 7, 24);
insert into PLACES values (297, 8, 24);
insert into PLACES values (298, 9, 24);
insert into PLACES values (299, 10, 24);
insert into PLACES values (300, 11, 24);
insert into PLACES values (301, 12, 24);
insert into PLACES values (302, 13, 24);
insert into PLACES values (303, 14, 24);
insert into PLACES values (304, 15, 24);
insert into PLACES values (305, 16, 24);
insert into PLACES values (306, 17, 24);
insert into PLACES values (307, 18, 24);
insert into PLACES values (308, 19, 24);
insert into PLACES values (309, 20, 24);
insert into PLACES values (310, 21, 24);
insert into PLACES values (311, 22, 24);
insert into PLACES values (312, 23, 24);
insert into PLACES values (313, 24, 24);
insert into PLACES values (314, 25, 24);
insert into PLACES values (315, 26, 24);
insert into PLACES values (316, 27, 24);
insert into PLACES values (317, 28, 24);
insert into PLACES values (318, 29, 24);
insert into PLACES values (319, 30, 24);
insert into PLACES values (320, 31, 24);
insert into PLACES values (321, 32, 24);
insert into PLACES values (322, 33, 24);
insert into PLACES values (323, 34, 24);
insert into PLACES values (324, 35, 24);
insert into PLACES values (325, 36, 24);
insert into PLACES values (326, 37, 24);
insert into PLACES values (327, 38, 24);
insert into PLACES values (328, 39, 24);
insert into PLACES values (329, 40, 24);
insert into PLACES values (330, 41, 24);
insert into PLACES values (331, 42, 24);
insert into PLACES values (332, 43, 24);
insert into PLACES values (333, 44, 24);
insert into PLACES values (334, 45, 24);
insert into PLACES values (335, 46, 24);
insert into PLACES values (336, 47, 24);
insert into PLACES values (337, 48, 24);
insert into PLACES values (338, 49, 24);
insert into PLACES values (339, 50, 24);
insert into PLACES values (340, 51, 24);
insert into PLACES values (341, 52, 24);
insert into PLACES values (342, 53, 24);
insert into PLACES values (343, 54, 24);
insert into PLACES values (344, 55, 24);
insert into PLACES values (345, 56, 24);
insert into PLACES values (346, 57, 24);
insert into PLACES values (347, 58, 24);
insert into PLACES values (348, 59, 24);
insert into PLACES values (349, 60, 24);
insert into PLACES values (350, 61, 24);
insert into PLACES values (351, 62, 24);
insert into PLACES values (352, 63, 24);
insert into PLACES values (353, 64, 24);
insert into PLACES values (354, 65, 24);
insert into PLACES values (355, 66, 24);
insert into PLACES values (356, 67, 24);
insert into PLACES values (357, 68, 24);
insert into PLACES values (358, 69, 24);
insert into PLACES values (359, 70, 24);
insert into PLACES values (360, 71, 24);
insert into PLACES values (361, 72, 24);
insert into PLACES values (362, 73, 24);
insert into PLACES values (363, 74, 24);
insert into PLACES values (364, 75, 24);
insert into PLACES values (365, 76, 24);
insert into PLACES values (366, 0, 25);
insert into PLACES values (367, 1, 25);
insert into PLACES values (368, 2, 25);
insert into PLACES values (369, 3, 25);
insert into PLACES values (370, 0, 26);
insert into PLACES values (371, 1, 26);
insert into PLACES values (372, 2, 26);
insert into PLACES values (373, 3, 26);
insert into PLACES values (374, 4, 26);
insert into PLACES values (375, 5, 26);
insert into PLACES values (376, 6, 26);
insert into PLACES values (377, 7, 26);
insert into PLACES values (378, 8, 26);
insert into PLACES values (379, 0, 27);
insert into PLACES values (380, 0, 28);
insert into PLACES values (381, 1, 28);
insert into PLACES values (382, 2, 28);
insert into PLACES values (383, 3, 28);
insert into PLACES values (384, 4, 28);
insert into PLACES values (385, 5, 28);
insert into PLACES values (386, 6, 28);
insert into PLACES values (387, 0, 29);
insert into PLACES values (388, 1, 29);
insert into PLACES values (389, 2, 29);
insert into PLACES values (390, 3, 29);
insert into PLACES values (391, 4, 29);
insert into PLACES values (392, 5, 29);
insert into PLACES values (393, 6, 29);
insert into PLACES values (394, 7, 29);
insert into PLACES values (395, 8, 29);
insert into PLACES values (396, 9, 29);
insert into PLACES values (397, 10, 29);
insert into PLACES values (398, 11, 29);
insert into PLACES values (399, 0, 30);
insert into PLACES values (400, 1, 30);
insert into PLACES values (401, 2, 30);
insert into PLACES values (402, 3, 30);
insert into PLACES values (403, 4, 30);
insert into PLACES values (404, 5, 30);
insert into PLACES values (405, 6, 30);
insert into PLACES values (406, 7, 30);
insert into PLACES values (407, 8, 30);
insert into PLACES values (408, 9, 30);
insert into PLACES values (409, 10, 30);
insert into PLACES values (410, 11, 30);
insert into PLACES values (411, 12, 30);
insert into PLACES values (412, 13, 30);
insert into PLACES values (413, 14, 30);
insert into PLACES values (414, 0, 31);
insert into PLACES values (415, 1, 31);
insert into PLACES values (416, 2, 31);
insert into PLACES values (417, 3, 31);
insert into PLACES values (418, 4, 31);
insert into PLACES values (419, 5, 31);
insert into PLACES values (420, 6, 31);
insert into PLACES values (421, 7, 31);
insert into PLACES values (422, 8, 31);
insert into PLACES values (423, 9, 31);
insert into PLACES values (424, 10, 31);
insert into PLACES values (425, 11, 31);
insert into PLACES values (426, 12, 31);
insert into PLACES values (427, 0, 32);
insert into PLACES values (428, 1, 32);
insert into PLACES values (429, 2, 32);
insert into PLACES values (430, 3, 32);
insert into PLACES values (431, 4, 32);
insert into PLACES values (432, 0, 33);
insert into PLACES values (433, 1, 33);
insert into PLACES values (434, 2, 33);
insert into PLACES values (435, 3, 33);
insert into PLACES values (436, 4, 33);
insert into PLACES values (437, 5, 33);
insert into PLACES values (438, 6, 33);
insert into PLACES values (439, 7, 33);
insert into PLACES values (440, 8, 33);
insert into PLACES values (441, 9, 33);
insert into PLACES values (442, 10, 33);
insert into PLACES values (443, 11, 33);
insert into PLACES values (444, 12, 33);
insert into PLACES values (445, 13, 33);
insert into PLACES values (446, 14, 33);
insert into PLACES values (447, 0, 34);
insert into PLACES values (448, 1, 34);
insert into PLACES values (449, 2, 34);
insert into PLACES values (450, 3, 34);
insert into PLACES values (451, 4, 34);
insert into PLACES values (452, 5, 34);
insert into PLACES values (453, 6, 34);
insert into PLACES values (454, 7, 34);
insert into PLACES values (455, 8, 34);
insert into PLACES values (456, 9, 34);
insert into PLACES values (457, 0, 35);
insert into PLACES values (458, 1, 35);
insert into PLACES values (459, 2, 35);
insert into PLACES values (460, 3, 35);
insert into PLACES values (461, 1, 36);
insert into PLACES values (462, 2, 36);
insert into PLACES values (463, 3, 36);
insert into PLACES values (464, 4, 36);
insert into PLACES values (465, 5, 36);
insert into PLACES values (466, 6, 36);
insert into PLACES values (467, 7, 36);
insert into PLACES values (468, 8, 36);
insert into PLACES values (469, 9, 36);
insert into PLACES values (470, 10, 36);
insert into PLACES values (471, 11, 36);
insert into PLACES values (472, 12, 36);
insert into PLACES values (473, 13, 36);
insert into PLACES values (474, 0, 37);
insert into PLACES values (475, 1, 37);
insert into PLACES values (476, 2, 37);
insert into PLACES values (477, 3, 37);
insert into PLACES values (478, 4, 37);
insert into PLACES values (479, 5, 37);
insert into PLACES values (480, 6, 37);
insert into PLACES values (481, 0, 38);
insert into PLACES values (482, 1, 38);
insert into PLACES values (483, 2, 38);
insert into PLACES values (484, 3, 38);
insert into PLACES values (485, 4, 38);
insert into PLACES values (486, 5, 38);
insert into PLACES values (487, 6, 38);
insert into PLACES values (488, 7, 38);
insert into PLACES values (489, 8, 38);
insert into PLACES values (490, 9, 38);
insert into PLACES values (491, 10, 38);
insert into PLACES values (492, 11, 38);
insert into PLACES values (493, 12, 38);
insert into PLACES values (494, 13, 38);
insert into PLACES values (495, 14, 38);
insert into PLACES values (496, 15, 38);
insert into PLACES values (497, 16, 38);
insert into PLACES values (498, 17, 38);
insert into PLACES values (499, 18, 38);
insert into PLACES values (500, 19, 38);
insert into PLACES values (501, 20, 38);
insert into PLACES values (502, 21, 38);
insert into PLACES values (503, 22, 38);
insert into PLACES values (504, 23, 38);
insert into PLACES values (505, 24, 38);
insert into PLACES values (506, 25, 38);
insert into PLACES values (507, 26, 38);
insert into PLACES values (508, 27, 38);
insert into PLACES values (509, 28, 38);
insert into PLACES values (510, 29, 38);
insert into PLACES values (511, 30, 38);
insert into PLACES values (512, 31, 38);
insert into PLACES values (513, 32, 38);
insert into PLACES values (514, 33, 38);
insert into PLACES values (515, 34, 38);
insert into PLACES values (516, 35, 38);
insert into PLACES values (517, 36, 38);
insert into PLACES values (518, 37, 38);
insert into PLACES values (519, 38, 38);
insert into PLACES values (520, 0, 39);
insert into PLACES values (521, 1, 39);
insert into PLACES values (522, 2, 39);
insert into PLACES values (523, 3, 39);
insert into PLACES values (524, 4, 39);
insert into PLACES values (525, 5, 39);
insert into PLACES values (526, 6, 39);
insert into PLACES values (527, 7, 39);
insert into PLACES values (528, 8, 39);
insert into PLACES values (529, 9, 39);
insert into PLACES values (530, 10, 39);
insert into PLACES values (531, 11, 39);
insert into PLACES values (532, 12, 39);
insert into PLACES values (533, 13, 39);
insert into PLACES values (534, 14, 39);
insert into PLACES values (535, 15, 39);
insert into PLACES values (536, 16, 39);
insert into PLACES values (537, 17, 39);
insert into PLACES values (538, 18, 39);
insert into PLACES values (539, 19, 39);
insert into PLACES values (540, 20, 39);
insert into PLACES values (541, 21, 39);
insert into PLACES values (542, 22, 39);
insert into PLACES values (543, 23, 39);
insert into PLACES values (544, 24, 39);
insert into PLACES values (545, 25, 39);
insert into PLACES values (546, 26, 39);
insert into PLACES values (547, 27, 39);
insert into PLACES values (548, 28, 39);
insert into PLACES values (549, 29, 39);
insert into PLACES values (550, 30, 39);
insert into PLACES values (551, 31, 39);
insert into PLACES values (552, 32, 39);
insert into PLACES values (553, 33, 39);
insert into PLACES values (554, 34, 39);
insert into PLACES values (555, 35, 39);
insert into PLACES values (556, 36, 39);
insert into PLACES values (557, 37, 39);
insert into PLACES values (558, 38, 39);
insert into PLACES values (559, 39, 39);
insert into PLACES values (560, 40, 39);
insert into PLACES values (561, 41, 39);
insert into PLACES values (562, 42, 39);
insert into PLACES values (563, 43, 39);
insert into PLACES values (564, 44, 39);
insert into PLACES values (565, 45, 39);
insert into PLACES values (566, 46, 39);
insert into PLACES values (567, 47, 39);
insert into PLACES values (568, 48, 39);
insert into PLACES values (569, 49, 39);
insert into PLACES values (570, 50, 39);
insert into PLACES values (571, 51, 39);
insert into PLACES values (572, 52, 39);
insert into PLACES values (573, 53, 39);
insert into PLACES values (574, 54, 39);
insert into PLACES values (575, 55, 39);
insert into PLACES values (576, 56, 39);
insert into PLACES values (577, 57, 39);
insert into PLACES values (578, 58, 39);
insert into PLACES values (579, 59, 39);
insert into PLACES values (580, 60, 39);
insert into PLACES values (581, 61, 39);
insert into PLACES values (582, 62, 39);
insert into PLACES values (583, 63, 39);
insert into PLACES values (584, 64, 39);
insert into PLACES values (585, 65, 39);
insert into PLACES values (586, 66, 39);
insert into PLACES values (587, 67, 39);
insert into PLACES values (588, 68, 39);
insert into PLACES values (589, 69, 39);
insert into PLACES values (590, 70, 39);
insert into PLACES values (591, 71, 39);
insert into PLACES values (592, 72, 39);
insert into PLACES values (593, 73, 39);
insert into PLACES values (594, 74, 39);
insert into PLACES values (595, 75, 39);
insert into PLACES values (596, 76, 39);
insert into PLACES values (597, 77, 39);
insert into PLACES values (598, 78, 39);
insert into PLACES values (599, 79, 39);
insert into PLACES values (600, 80, 39);
insert into PLACES values (601, 81, 39);
insert into PLACES values (602, 82, 39);
insert into PLACES values (603, 83, 39);
insert into PLACES values (604, 84, 39);
insert into PLACES values (605, 85, 39);
insert into PLACES values (606, 86, 39);
insert into PLACES values (607, 87, 39);
insert into PLACES values (608, 88, 39);
insert into PLACES values (609, 89, 39);
insert into PLACES values (610, 90, 39);
insert into PLACES values (611, 91, 39);
insert into PLACES values (612, 0, 40);
insert into PLACES values (613, 1, 40);
insert into PLACES values (614, 2, 40);
insert into PLACES values (615, 3, 40);
insert into PLACES values (616, 4, 40);
insert into PLACES values (617, 5, 40);
insert into PLACES values (618, 6, 40);
insert into PLACES values (619, 7, 40);
insert into PLACES values (620, 8, 40);
insert into PLACES values (621, 0, 41);
insert into PLACES values (622, 1, 41);
insert into PLACES values (623, 2, 41);
insert into PLACES values (624, 3, 41);
insert into PLACES values (625, 4, 41);
insert into PLACES values (626, 5, 41);
insert into PLACES values (627, 6, 41);
insert into PLACES values (628, 7, 41);
insert into PLACES values (629, 8, 41);
insert into PLACES values (630, 9, 41);
insert into PLACES values (631, 10, 41);
insert into PLACES values (632, 11, 41);
insert into PLACES values (633, 12, 41);
insert into PLACES values (634, 13, 41);
insert into PLACES values (635, 14, 41);
insert into PLACES values (636, 15, 41);
insert into PLACES values (637, 16, 41);
insert into PLACES values (638, 17, 41);
insert into PLACES values (639, 18, 41);
insert into PLACES values (640, 19, 41);
insert into PLACES values (641, 20, 41);
insert into PLACES values (642, 21, 41);
insert into PLACES values (643, 0, 42);
insert into PLACES values (644, 1, 42);
insert into PLACES values (645, 2, 42);
insert into PLACES values (646, 3, 42);
insert into PLACES values (647, 4, 42);
insert into PLACES values (648, 5, 42);
insert into PLACES values (649, 6, 42);
insert into PLACES values (650, 7, 42);
insert into PLACES values (651, 8, 42);
insert into PLACES values (652, 9, 42);
insert into PLACES values (653, 10, 42);
insert into PLACES values (654, 11, 42);
insert into PLACES values (655, 12, 42);
insert into PLACES values (656, 13, 42);
insert into PLACES values (657, 14, 42);
insert into PLACES values (658, 0, 43);
insert into PLACES values (659, 1, 43);
insert into PLACES values (660, 0, 44);
insert into PLACES values (661, 1, 44);
insert into PLACES values (662, 2, 44);
insert into PLACES values (663, 3, 44);
insert into PLACES values (664, 4, 44);
insert into PLACES values (665, 5, 44);
insert into PLACES values (666, 6, 44);
insert into PLACES values (667, 7, 44);
insert into PLACES values (668, 8, 44);
insert into PLACES values (669, 9, 44);
insert into PLACES values (670, 10, 44);
insert into PLACES values (671, 11, 44);
insert into PLACES values (672, 12, 44);
insert into PLACES values (673, 13, 44);
insert into PLACES values (674, 14, 44);
insert into PLACES values (675, 15, 44);
insert into PLACES values (676, 0, 45);
insert into PLACES values (677, 1, 45);
insert into PLACES values (678, 2, 45);
insert into PLACES values (679, 3, 45);
insert into PLACES values (680, 4, 45);
insert into PLACES values (681, 5, 45);
insert into PLACES values (682, 6, 45);
insert into PLACES values (683, 7, 45);
insert into PLACES values (684, 8, 45);
insert into PLACES values (685, 9, 45);
insert into PLACES values (686, 10, 45);
insert into PLACES values (687, 11, 45);
insert into PLACES values (688, 12, 45);
insert into PLACES values (689, 13, 45);
insert into PLACES values (690, 14, 45);
insert into PLACES values (691, 15, 45);
insert into PLACES values (692, 16, 45);
insert into PLACES values (693, 17, 45);
insert into PLACES values (694, 18, 45);
insert into PLACES values (695, 19, 45);
insert into PLACES values (696, 0, 46);
insert into PLACES values (697, 1, 46);
insert into PLACES values (698, 2, 46);
insert into PLACES values (699, 3, 46);
insert into PLACES values (700, 4, 46);
insert into PLACES values (701, 5, 46);
insert into PLACES values (702, 6, 46);
insert into PLACES values (703, 7, 46);
insert into PLACES values (704, 8, 46);
insert into PLACES values (705, 9, 46);
insert into PLACES values (706, 10, 46);
insert into PLACES values (707, 11, 46);
insert into PLACES values (708, 12, 46);
insert into PLACES values (709, 13, 46);
insert into PLACES values (710, 14, 46);
insert into PLACES values (711, 15, 46);
insert into PLACES values (712, 16, 46);
insert into PLACES values (713, 17, 46);
insert into PLACES values (714, 18, 46);
insert into PLACES values (715, 19, 46);
insert into PLACES values (716, 20, 46);
insert into PLACES values (717, 21, 46);
insert into PLACES values (718, 22, 46);
insert into PLACES values (719, 23, 46);
insert into PLACES values (720, 24, 46);
insert into PLACES values (721, 25, 46);
insert into PLACES values (722, 26, 46);
insert into PLACES values (723, 27, 46);
insert into PLACES values (724, 28, 46);
insert into PLACES values (725, 29, 46);
insert into PLACES values (726, 30, 46);
insert into PLACES values (727, 31, 46);
insert into PLACES values (728, 32, 46);
insert into PLACES values (729, 33, 46);
insert into PLACES values (730, 34, 46);
insert into PLACES values (731, 35, 46);
insert into PLACES values (732, 36, 46);
insert into PLACES values (733, 0, 47);
insert into PLACES values (734, 1, 47);
insert into PLACES values (735, 2, 47);
insert into PLACES values (736, 3, 47);
insert into PLACES values (737, 4, 47);
insert into PLACES values (738, 5, 47);
insert into PLACES values (739, 6, 47);
insert into PLACES values (740, 0, 48);
insert into PLACES values (741, 1, 48);
insert into PLACES values (742, 2, 48);
insert into PLACES values (743, 3, 48);
insert into PLACES values (744, 4, 48);
insert into PLACES values (745, 5, 48);
insert into PLACES values (746, 6, 48);
insert into PLACES values (747, 7, 48);
insert into PLACES values (748, 8, 48);
insert into PLACES values (749, 9, 48);
insert into PLACES values (750, 10, 48);
insert into PLACES values (751, 11, 48);
insert into PLACES values (752, 12, 48);
insert into PLACES values (753, 0, 49);
insert into PLACES values (754, 1, 49);
insert into PLACES values (755, 2, 49);
insert into PLACES values (756, 3, 49);
insert into PLACES values (757, 4, 49);
insert into PLACES values (758, 5, 49);
insert into PLACES values (759, 6, 49);
insert into PLACES values (760, 7, 49);
insert into PLACES values (761, 8, 49);
insert into PLACES values (762, 9, 49);
insert into PLACES values (763, 10, 49);
insert into PLACES values (764, 11, 49);
insert into PLACES values (765, 12, 49);
insert into PLACES values (766, 13, 49);
insert into PLACES values (767, 14, 49);
insert into PLACES values (768, 15, 49);
insert into PLACES values (769, 16, 49);
insert into PLACES values (770, 17, 49);
insert into PLACES values (771, 18, 49);
insert into PLACES values (772, 19, 49);
insert into PLACES values (773, 20, 49);
insert into PLACES values (774, 21, 49);
insert into PLACES values (775, 22, 49);
insert into PLACES values (776, 23, 49);
insert into PLACES values (777, 24, 49);
insert into PLACES values (778, 25, 49);
insert into PLACES values (779, 26, 49);
insert into PLACES values (780, 27, 49);
insert into PLACES values (781, 28, 49);
insert into PLACES values (782, 29, 49);
insert into PLACES values (783, 30, 49);
insert into PLACES values (784, 31, 49);
insert into PLACES values (785, 32, 49);
insert into PLACES values (786, 33, 49);
insert into PLACES values (787, 34, 49);
insert into PLACES values (788, 35, 49);
insert into PLACES values (789, 36, 49);
insert into PLACES values (790, 37, 49);
insert into PLACES values (791, 0, 50);
insert into PLACES values (792, 1, 50);
insert into PLACES values (793, 2, 50);
insert into PLACES values (794, 3, 50);
insert into PLACES values (795, 4, 50);
insert into PLACES values (796, 5, 50);
insert into PLACES values (797, 6, 50);
insert into PLACES values (798, 7, 50);
insert into PLACES values (799, 8, 50);
insert into PLACES values (800, 9, 50);
insert into PLACES values (801, 10, 50);
insert into PLACES values (802, 0, 51);
insert into PLACES values (803, 1, 51);
insert into PLACES values (804, 2, 51);
insert into PLACES values (805, 0, 52);
insert into PLACES values (806, 1, 52);
insert into PLACES values (807, 2, 52);
insert into PLACES values (808, 3, 52);
insert into PLACES values (809, 4, 52);
insert into PLACES values (810, 5, 52);
insert into PLACES values (811, 6, 52);
insert into PLACES values (812, 7, 52);

-- -----------------------------------------------------
-- Table STATIONNEMENTS
-- -----------------------------------------------------
insert into STATIONNEMENTS values (1, '2022-04-15 20:50:54', '2022-12-27 20:52:52', 639, 'ZG99FA');
insert into STATIONNEMENTS values (2, '2022-01-02 19:16:26', '2022-12-09 23:58:01', 583, 'SM65WY');
insert into STATIONNEMENTS values (3, '2022-06-16 12:40:16', '2022-11-21 06:12:12', 134, 'IR11LX');
insert into STATIONNEMENTS values (4, '2022-09-09 14:49:44', '2022-11-25 17:43:19', 292, 'AW96NT');
insert into STATIONNEMENTS values (5, '2022-07-21 09:22:38', '2022-12-16 00:08:38', 296, 'QK92LN');
insert into STATIONNEMENTS values (6, '2022-07-05 05:20:22', '2022-12-14 23:17:40', 403, 'HO79IK');
insert into STATIONNEMENTS values (7, '2022-08-09 07:39:07', '2022-12-30 14:50:42', 147, 'GE55HB');
insert into STATIONNEMENTS values (8, '2022-04-10 21:32:19', '2022-12-07 20:08:56', 740, 'FL43XT');
insert into STATIONNEMENTS values (9, '2022-01-17 01:50:17', '2022-12-25 02:26:47', 536, 'SR47MY');
insert into STATIONNEMENTS values (10, '2022-01-08 01:51:24', '2022-11-04 22:28:35', 786, 'ST25HO');
insert into STATIONNEMENTS values (11, '2022-07-22 09:01:59', '2022-12-04 10:07:58', 781, 'LV87JF');
insert into STATIONNEMENTS values (12, '2022-05-14 23:26:30', '2022-11-20 14:24:51', 723, 'ND92IO');
insert into STATIONNEMENTS values (13, '2022-05-06 04:31:18', '2022-12-12 20:30:16', 73, 'PG90PN');
insert into STATIONNEMENTS values (14, '2022-05-31 08:16:19', '2022-05-31 09:29:41', 531, 'MU93BK');
insert into STATIONNEMENTS values (15, '2022-05-31 10:16:19', '2022-12-02 11:29:41', 532, 'MU93BK');

commit;
