-- ============================================================
--    suppression des donnees
-- ============================================================

delete from STATIONNEMENTS;
delete from VEHICULES ;
delete from PARKINGS ;
delete from COMMUNES ;
delete from PLACES ;
delete from PARKINGS ;

commit ;

-- ============================================================
--    creation des donnees
-- ============================================================


-- ============================================================
                --- Table Communes ---
-- ============================================================
insert into COMMUNES VALUES (92170, 'VANVES');
insert into COMMUNES VALUES (92370, 'CHAVILLE');
insert into COMMUNES VALUES (92410, 'VILLE D AVRAY');
insert into COMMUNES VALUES (92310, 'SEVRES');
insert into COMMUNES VALUES (92190, 'MEUDON');
insert into COMMUNES VALUES (92100, 'BOULOGNE-BILLANCOURT');
insert into COMMUNES VALUES (92130, 'ISSY-LES-MOULINEAUX');


-- ============================================================
                --- Table Parkings ---
-- ============================================================
insert into PARKINGS VALUES (1, 'Niwa', '16  RUE RENE COCHE', 0, 46, 92170);
insert into PARKINGS VALUES (2, 'Atrium', '965  AVENUE ROGER SALENGRO', 0, 11, 92370);
insert into PARKINGS VALUES (3, 'Parking Fausses-Reposes', 'ROUTE DE VERSAILLES', 0, 17, 92410);
insert into PARKINGS VALUES (4, 'Gabriel Péri', 'PLACE GABRIEL PERI', 0, 13, 92310);
insert into PARKINGS VALUES (5, 'Marché', '2 TER AVENUE DE L EUROPE', 0, 37, 92310);
insert into PARKINGS VALUES (6, 'Parking Terre Neuve', 'RUE TERRE NEUVE', 0, 33, 92190);
insert into PARKINGS VALUES (7, 'Parking Forêt de Fausses-Reposes', 'ROUTE DES CERISIERS', 0, 24, 92410);
insert into PARKINGS VALUES (8, 'Parking Jean Jaurès', 'RUE JEAN JAURES', 0, 15, 92370);
insert into PARKINGS VALUES (9, 'Parking Mortes Fontaines', 'RUE DES MORTES FONTAINES', 0, 8, 92370);
insert into PARKINGS VALUES (10, 'Les Passages', '161  RUE D AGUESSEAU', 0, 12, 92100);
insert into PARKINGS VALUES (11, 'Rives de Seine', '38  QUAI GEORGES GORSE', 0, 16, 92100);
insert into PARKINGS VALUES (12, 'Cours de l Île Seguin', 'COURS DE L ILE SEGUIN', 0, 12, 92100);
insert into PARKINGS VALUES (13, 'Avant-Seine', '5  RUE DU MARTIN PECHEUR', 0, 18, 92190);
insert into PARKINGS VALUES (14, 'Marché', '23  RUE ANTOINE FRATACCI', 0, 16, 92170);
insert into PARKINGS VALUES (15, 'Issy Val de Seine', '7  RUE ROUGET DE L ISLE', 0, 11, 92130);
insert into PARKINGS VALUES (16, 'Île Saint Germain', '169  QUAI DE STALINGRAD', 0, 20, 92130);
insert into PARKINGS VALUES (17, 'Gare Rive Droite', '34  RUE CARNOT', 0, 49, 92370);
insert into PARKINGS VALUES (18, 'Issy Coeur de Ville', 'RUE VICTOR HUGO', 0, 13, 92130);
insert into PARKINGS VALUES (19, 'Hôtel de Ville', '24 BIS AVENUE ANDRE MORIZET', 0, 17, 92100);
insert into PARKINGS VALUES (20, 'Troyon', '4  RUE TROYON', 0, 20, 92310);
insert into PARKINGS VALUES (21, 'Corentin Celton', '19  RUE VAUDETARD', 0, 13, 92130);
insert into PARKINGS VALUES (22, 'Hôtel de Ville', '60  RUE DU GENERAL LECLERC', 0, 18, 92130);
insert into PARKINGS VALUES (23, 'Point du Jour', 'PLACE ABEL GANCE', 0, 12, 92100);
insert into PARKINGS VALUES (24, 'Parking Rue de Versailles', 'RUE DE VERSAILLES', 0, 11, 92410);
insert into PARKINGS VALUES (25, 'Pont de Sèvres', '82  RUE DE SEVRES', 0, 19, 92100);
insert into PARKINGS VALUES (26, 'Parking Riocreux', 'RUE RIOCREUX', 0, 17, 92310);
insert into PARKINGS VALUES (27, 'Marché de Billancourt', '150  RUE DU VIEUX PONT DE SEVRES', 0, 19, 92100);
insert into PARKINGS VALUES (28, 'Parking Le Muguet', 'RUE DU COLONEL MARCHAND', 0, 10, 92370);
insert into PARKINGS VALUES (29, 'Maningue', 'RUE DE SAINT CLOUD', 0, 15, 92410);
insert into PARKINGS VALUES (30, 'Parking Brimborion', 'RUE HENRI SAVIGNAC', 0, 40, 92190);
insert into PARKINGS VALUES (31, 'Le Gallo', '28  RUE DE SEVRES', 0, 20, 92100);
insert into PARKINGS VALUES (32, 'Parchamp', '7 TER RUE DU PARCHAMP', 0, 17, 92100);
insert into PARKINGS VALUES (33, 'Musée de Sèvres', 'ROUTE DE SAINT CLOUD', 0, 18, 92310);
insert into PARKINGS VALUES (34, 'Centre-Ville', '10  RUE LECOINTRE', 0, 15, 92310);
insert into PARKINGS VALUES (35, 'Parking De Gaulle', 'PLACE CHARLES DE GAULLE', 0, 14, 92410);
insert into PARKINGS VALUES (36, 'Parking Malglaive', '12  RUE DE SEVRES', 0, 31, 92410);
insert into PARKINGS VALUES (37, 'Piscine', '12  RUE LARMEROUX', 0, 13, 92170);
insert into PARKINGS VALUES (38, 'Ecoquartier', '9  RUE MAZKERET BATIA', 0, 15, 92190);
insert into PARKINGS VALUES (39, 'Heyrault', '12-14  RUE HEYRAULT', 0, 12, 92100);
insert into PARKINGS VALUES (40, 'Parking Brancas', 'RUE BRANCAS', 0, 16, 92310);
insert into PARKINGS VALUES (41, 'Parking Baudreuil', 'RUE DE BAUDREUIL', 0, 24, 92190);
insert into PARKINGS VALUES (42, 'Manufacture', '2  PLACE DE LA MANUFACTURE NATIONALE', 0, 15, 92310);
insert into PARKINGS VALUES (43, 'Bellefeuille', '30  RUE DE LA BELLE FEUILLE', 0, 13, 92100);
insert into PARKINGS VALUES (44, 'Parking Troyon Passerelle de la Seine Musicale', '40  RUE TROYON', 0, 25, 92310);
insert into PARKINGS VALUES (45, 'Centre-Ville', '1471  AVENUE ROGER SALENGRO', 0, 12, 92370);
insert into  PARKINGS VALUES (46, 'Cabourg', 'RUE JACQUES CABOURG', 0, 13, 92170);
insert into  PARKINGS VALUES (47, 'Fontaine du Roy', '6  RUE DE SAINT CLOUD', 0, 11, 92410);
insert into  PARKINGS VALUES (48, 'Place Centrale', 'RUE BERNARD DELPUECH', 0, 12, 92190);
insert into  PARKINGS VALUES (49, 'Île de Monsieur', 'ROUTE DE SAINT CLOUD', 0, 20, 92310);
insert into  PARKINGS VALUES (50, 'Gymnase', '39-41  GRANDE RUE', 0, 11, 92310);
insert into  PARKINGS VALUES (51, 'Parking Marcel Allegot', 'RUE MARCEL ALLEGOT', 0, 18, 92190);
insert into  PARKINGS VALUES (52, 'Camille Desmoulins', '56  RUE CAMILLE DESMOULINS', 0, 11, 92130);


-- ============================================================
                --- Table Places ---
-- ============================================================
insert into POSITIONS VALUES (1, 'P00', 'taxis', 1);
insert into POSITIONS VALUES (2, 'P01', 'livraison', 1);
insert into POSITIONS VALUES (3, 'P02', 'livraison', 1);
insert into POSITIONS VALUES (4, 'P03', 'taxis', 1);
insert into POSITIONS VALUES (5, 'P04', 'autobus', 1);
insert into POSITIONS VALUES (6, 'P05', 'deux-roues', 1);
insert into POSITIONS VALUES (7, 'P06', 'ambulancier', 1);
insert into POSITIONS VALUES (8, 'P07', 'deux-roues', 1);
insert into POSITIONS VALUES (9, 'P00', 'ambulancier', 2);
insert into POSITIONS VALUES (10, 'P01', 'mobilite reduite', 2);
insert into POSITIONS VALUES (11, 'P02', 'ambulancier', 2);
insert into POSITIONS VALUES (12, 'P03', 'taxis', 2);
insert into POSITIONS VALUES (13, 'P04', 'ambulancier', 2);
insert into POSITIONS VALUES (14, 'P05', 'ambulancier', 2);
insert into POSITIONS VALUES (15, 'P06', 'mobilite reduite', 2);
insert into POSITIONS VALUES (16, 'P00', 'livraison', 3);
insert into POSITIONS VALUES (17, 'P01', 'deux-roues', 3);
insert into POSITIONS VALUES (18, 'P02', 'ambulancier', 3);
insert into POSITIONS VALUES (19, 'P00', 'livraison', 4);
insert into POSITIONS VALUES (20, 'P01', 'livraison', 4);
insert into POSITIONS VALUES (21, 'P02', 'mobilite reduite', 4);
insert into POSITIONS VALUES (22, 'P03', 'ambulancier', 4);
insert into POSITIONS VALUES (23, 'P04', 'mobilite reduite', 4);
insert into POSITIONS VALUES (24, 'P05', 'autobus', 4);
insert into POSITIONS VALUES (25, 'P06', 'taxis', 4);
insert into POSITIONS VALUES (26, 'P07', 'livraison', 4);
insert into POSITIONS VALUES (27, 'P08', 'taxis', 4);
insert into POSITIONS VALUES (28, 'P00', 'autobus', 5);
insert into POSITIONS VALUES (29, 'P01', 'livraison', 5);
insert into POSITIONS VALUES (30, 'P02', 'ambulancier', 5);
insert into POSITIONS VALUES (31, 'P03', 'autobus', 5);
insert into POSITIONS VALUES (32, 'P04', 'deux-roues', 5);
insert into POSITIONS VALUES (33, 'P05', 'taxis', 5);
insert into POSITIONS VALUES (34, 'P06', 'taxis', 5);
insert into POSITIONS VALUES (35, 'P07', 'mobilite reduite', 5);
insert into POSITIONS VALUES (36, 'P08', 'autobus', 5);
insert into POSITIONS VALUES (37, 'P09', 'ambulancier', 5);
insert into POSITIONS VALUES (38, 'P10', 'ambulancier', 5);
insert into POSITIONS VALUES (39, 'P11', 'deux-roues', 5);
insert into POSITIONS VALUES (40, 'P12', 'livraison', 5);
insert into POSITIONS VALUES (41, 'P13', 'taxis', 5);
insert into POSITIONS VALUES (42, 'P14', 'deux-roues', 5);
insert into POSITIONS VALUES (43, 'P15', 'livraison', 5);
insert into POSITIONS VALUES (44, 'P16', 'deux-roues', 5);
insert into POSITIONS VALUES (45, 'P17', 'mobilite reduite', 5);
insert into POSITIONS VALUES (46, 'P18', 'deux-roues', 5);
insert into POSITIONS VALUES (47, 'P19', 'livraison', 5);
insert into POSITIONS VALUES (48, 'P20', 'mobilite reduite', 5);
insert into POSITIONS VALUES (49, 'P21', 'mobilite reduite', 5);
insert into POSITIONS VALUES (50, 'P22', 'mobilite reduite', 5);
insert into POSITIONS VALUES (51, 'P23', 'taxis', 5);
insert into POSITIONS VALUES (52, 'P24', 'autobus', 5);
insert into POSITIONS VALUES (53, 'P25', 'ambulancier', 5);
insert into POSITIONS VALUES (54, 'P26', 'ambulancier', 5);
insert into POSITIONS VALUES (55, 'P27', 'ambulancier', 5);
insert into POSITIONS VALUES (56, 'P00', 'deux-roues', 6);
insert into POSITIONS VALUES (57, 'P01', 'taxis', 6);
insert into POSITIONS VALUES (58, 'P02', 'autobus', 6);
insert into POSITIONS VALUES (59, 'P03', 'mobilite reduite', 6);
insert into POSITIONS VALUES (60, 'P04', 'taxis', 6);
insert into POSITIONS VALUES (61, 'P05', 'mobilite reduite', 6);
insert into POSITIONS VALUES (62, 'P06', 'livraison', 6);
insert into POSITIONS VALUES (63, 'P07', 'deux-roues', 6);
insert into POSITIONS VALUES (64, 'P08', 'ambulancier', 6);
insert into POSITIONS VALUES (65, 'P09', 'autobus', 6);
insert into POSITIONS VALUES (66, 'P10', 'taxis', 6);
insert into POSITIONS VALUES (67, 'P11', 'ambulancier', 6);
insert into POSITIONS VALUES (68, 'P12', 'livraison', 6);
insert into POSITIONS VALUES (69, 'P13', 'autobus', 6);
insert into POSITIONS VALUES (70, 'P00', 'deux-roues', 7);
insert into POSITIONS VALUES (71, 'P01', 'autobus', 7);
insert into POSITIONS VALUES (72, 'P02', 'taxis', 7);
insert into POSITIONS VALUES (73, 'P03', 'livraison', 7);
insert into POSITIONS VALUES (74, 'P04', 'livraison', 7);
insert into POSITIONS VALUES (75, 'P05', 'mobilite reduite', 7);
insert into POSITIONS VALUES (76, 'P06', 'mobilite reduite', 7);
insert into POSITIONS VALUES (77, 'P07', 'ambulancier', 7);
insert into POSITIONS VALUES (78, 'P08', 'deux-roues', 7);
insert into POSITIONS VALUES (79, 'P09', 'ambulancier', 7);
insert into POSITIONS VALUES (80, 'P10', 'ambulancier', 7);
insert into POSITIONS VALUES (81, 'P11', 'taxis', 7);
insert into POSITIONS VALUES (82, 'P12', 'taxis', 7);
insert into POSITIONS VALUES (83, 'P13', 'taxis', 7);
insert into POSITIONS VALUES (84, 'P14', 'mobilite reduite', 7);
insert into POSITIONS VALUES (85, 'P15', 'deux-roues', 7);
insert into POSITIONS VALUES (86, 'P16', 'ambulancier', 7);
insert into POSITIONS VALUES (87, 'P17', 'ambulancier', 7);
insert into POSITIONS VALUES (88, 'P18', 'mobilite reduite', 7);
insert into POSITIONS VALUES (89, 'P19', 'livraison', 7);
insert into POSITIONS VALUES (90, 'P20', 'taxis', 7);
insert into POSITIONS VALUES (91, 'P00', 'autobus', 8);
insert into POSITIONS VALUES (92, 'P01', 'deux-roues', 8);
insert into POSITIONS VALUES (93, 'P02', 'livraison', 8);
insert into POSITIONS VALUES (94, 'P03', 'autobus', 8);
insert into POSITIONS VALUES (95, 'P04', 'deux-roues', 8);
insert into POSITIONS VALUES (96, 'P05', 'autobus', 8);
insert into POSITIONS VALUES (97, 'P06', 'mobilite reduite', 8);
insert into POSITIONS VALUES (98, 'P07', 'deux-roues', 8);
insert into POSITIONS VALUES (99, 'P08', 'livraison', 8);
insert into POSITIONS VALUES (100, 'P09', 'deux-roues', 8);
insert into POSITIONS VALUES (101, 'P10', 'deux-roues', 8);
insert into POSITIONS VALUES (102, 'P11', 'livraison', 8);
insert into POSITIONS VALUES (103, 'P00', 'livraison', 9);
insert into POSITIONS VALUES (104, 'P01', 'livraison', 9);
insert into POSITIONS VALUES (105, 'P02', 'deux-roues', 9);
insert into POSITIONS VALUES (106, 'P03', 'livraison', 9);
insert into POSITIONS VALUES (107, 'P00', 'taxis', 10);
insert into POSITIONS VALUES (108, 'P00', 'ambulancier', 11);
insert into POSITIONS VALUES (109, 'P00', 'livraison', 12);
insert into POSITIONS VALUES (110, 'P01', 'taxis', 12);
insert into POSITIONS VALUES (111, 'P02', 'autobus', 12);
insert into POSITIONS VALUES (112, 'P03', 'ambulancier', 12);
insert into POSITIONS VALUES (113, 'P04', 'deux-roues', 12);
insert into POSITIONS VALUES (114, 'P05', 'livraison', 12);
insert into POSITIONS VALUES (115, 'P06', 'ambulancier', 12);
insert into POSITIONS VALUES (116, 'P07', 'taxis', 12);
insert into POSITIONS VALUES (117, 'P08', 'autobus', 12);
insert into POSITIONS VALUES (118, 'P09', 'autobus', 12);
insert into POSITIONS VALUES (119, 'P10', 'livraison', 12);
insert into POSITIONS VALUES (120, 'P00', 'deux-roues', 13);
insert into POSITIONS VALUES (121, 'P01', 'deux-roues', 13);
insert into POSITIONS VALUES (122, 'P02', 'autobus', 13);
insert into POSITIONS VALUES (123, 'P03', 'livraison', 13);
insert into POSITIONS VALUES (124, 'P04', 'mobilite reduite', 13);
insert into POSITIONS VALUES (125, 'P05', 'autobus', 13);
insert into POSITIONS VALUES (126, 'P06', 'mobilite reduite', 13);
insert into POSITIONS VALUES (127, 'P07', 'autobus', 13);
insert into POSITIONS VALUES (128, 'P08', 'mobilite reduite', 13);
insert into POSITIONS VALUES (129, 'P09', 'ambulancier', 13);
insert into POSITIONS VALUES (130, 'P10', 'livraison', 13);
insert into POSITIONS VALUES (131, 'P11', 'ambulancier', 13);
insert into POSITIONS VALUES (132, 'P12', 'deux-roues', 13);
insert into POSITIONS VALUES (133, 'P13', 'taxis', 13);
insert into POSITIONS VALUES (134, 'P14', 'mobilite reduite', 13);
insert into POSITIONS VALUES (135, 'P15', 'mobilite reduite', 13);
insert into POSITIONS VALUES (136, 'P16', 'deux-roues', 13);
insert into POSITIONS VALUES (137, 'P00', 'mobilite reduite', 14);
insert into POSITIONS VALUES (138, 'P01', 'taxis', 14);
insert into POSITIONS VALUES (139, 'P02', 'livraison', 14);
insert into POSITIONS VALUES (140, 'P03', 'taxis', 14);
insert into POSITIONS VALUES (141, 'P04', 'autobus', 14);
insert into POSITIONS VALUES (142, 'P05', 'ambulancier', 14);
insert into POSITIONS VALUES (143, 'P06', 'deux-roues', 14);
insert into POSITIONS VALUES (144, 'P07', 'livraison', 14);
insert into POSITIONS VALUES (145, 'P08', 'mobilite reduite', 14);
insert into POSITIONS VALUES (146, 'P00', 'livraison', 15);
insert into POSITIONS VALUES (147, 'P01', 'deux-roues', 15);
insert into POSITIONS VALUES (148, 'P02', 'taxis', 15);
insert into POSITIONS VALUES (149, 'P03', 'livraison', 15);
insert into POSITIONS VALUES (150, 'P04', 'mobilite reduite', 15);
insert into POSITIONS VALUES (151, 'P00', 'livraison', 16);
insert into POSITIONS VALUES (152, 'P01', 'livraison', 16);
insert into POSITIONS VALUES (153, 'P02', 'taxis', 16);
insert into POSITIONS VALUES (154, 'P03', 'ambulancier', 16);
insert into POSITIONS VALUES (155, 'P04', 'deux-roues', 16);
insert into POSITIONS VALUES (156, 'P05', 'ambulancier', 16);
insert into POSITIONS VALUES (157, 'P06', 'taxis', 16);
insert into POSITIONS VALUES (158, 'P07', 'autobus', 16);
insert into POSITIONS VALUES (159, 'P08', 'ambulancier', 16);
insert into POSITIONS VALUES (160, 'P00', 'livraison', 17);
insert into POSITIONS VALUES (161, 'P01', 'mobilite reduite', 17);
insert into POSITIONS VALUES (162, 'P02', 'deux-roues', 17);
insert into POSITIONS VALUES (163, 'P03', 'autobus', 17);
insert into POSITIONS VALUES (164, 'P04', 'taxis', 17);
insert into POSITIONS VALUES (165, 'P05', 'deux-roues', 17);
insert into POSITIONS VALUES (166, 'P06', 'livraison', 17);
insert into POSITIONS VALUES (167, 'P07', 'mobilite reduite', 17);
insert into POSITIONS VALUES (168, 'P08', 'taxis', 17);
insert into POSITIONS VALUES (169, 'P09', 'taxis', 17);
insert into POSITIONS VALUES (170, 'P10', 'livraison', 17);
insert into POSITIONS VALUES (171, 'P11', 'mobilite reduite', 17);
insert into POSITIONS VALUES (172, 'P12', 'autobus', 17);
insert into POSITIONS VALUES (173, 'P13', 'deux-roues', 17);
insert into POSITIONS VALUES (174, 'P14', 'deux-roues', 17);
insert into POSITIONS VALUES (175, 'P15', 'ambulancier', 17);
insert into POSITIONS VALUES (176, 'P16', 'taxis', 17);
insert into POSITIONS VALUES (177, 'P17', 'ambulancier', 17);
insert into POSITIONS VALUES (178, 'P18', 'taxis', 17);
insert into POSITIONS VALUES (179, 'P19', 'livraison', 17);
insert into POSITIONS VALUES (180, 'P20', 'mobilite reduite', 17);
insert into POSITIONS VALUES (181, 'P21', 'mobilite reduite', 17);
insert into POSITIONS VALUES (182, 'P22', 'mobilite reduite', 17);
insert into POSITIONS VALUES (183, 'P23', 'taxis', 17);
insert into POSITIONS VALUES (184, 'P00', 'taxis', 18);
insert into POSITIONS VALUES (185, 'P01', 'deux-roues', 18);
insert into POSITIONS VALUES (186, 'P02', 'livraison', 18);
insert into POSITIONS VALUES (187, 'P03', 'ambulancier', 18);
insert into POSITIONS VALUES (188, 'P04', 'mobilite reduite', 18);
insert into POSITIONS VALUES (189, 'P05', 'livraison', 18);
insert into POSITIONS VALUES (190, 'P06', 'mobilite reduite', 18);
insert into POSITIONS VALUES (191, 'P07', 'ambulancier', 18);
insert into POSITIONS VALUES (192, 'P08', 'ambulancier', 18);
insert into POSITIONS VALUES (193, 'P09', 'livraison', 18);
insert into POSITIONS VALUES (194, 'P10', 'deux-roues', 18);
insert into POSITIONS VALUES (195, 'P11', 'taxis', 18);
insert into POSITIONS VALUES (196, 'P00', 'deux-roues', 19);
insert into POSITIONS VALUES (197, 'P01', 'taxis', 19);
insert into POSITIONS VALUES (198, 'P02', 'taxis', 19);
insert into POSITIONS VALUES (199, 'P03', 'taxis', 19);
insert into POSITIONS VALUES (200, 'P04', 'mobilite reduite', 19);
insert into POSITIONS VALUES (201, 'P05', 'livraison', 19);
insert into POSITIONS VALUES (202, 'P06', 'autobus', 19);
insert into POSITIONS VALUES (203, 'P07', 'deux-roues', 19);
insert into POSITIONS VALUES (204, 'P08', 'taxis', 19);
insert into POSITIONS VALUES (205, 'P09', 'deux-roues', 19);
insert into POSITIONS VALUES (206, 'P10', 'ambulancier', 19);
insert into POSITIONS VALUES (207, 'P11', 'mobilite reduite', 19);
insert into POSITIONS VALUES (208, 'P12', 'ambulancier', 19);
insert into POSITIONS VALUES (209, 'P00', 'livraison', 20);
insert into POSITIONS VALUES (210, 'P01', 'autobus', 20);
insert into POSITIONS VALUES (211, 'P02', 'mobilite reduite', 20);
insert into POSITIONS VALUES (212, 'P00', 'autobus', 21);
insert into POSITIONS VALUES (213, 'P01', 'taxis', 21);
insert into POSITIONS VALUES (214, 'P02', 'deux-roues', 21);
insert into POSITIONS VALUES (215, 'P03', 'deux-roues', 21);
insert into POSITIONS VALUES (216, 'P04', 'autobus', 21);
insert into POSITIONS VALUES (217, 'P05', 'livraison', 21);
insert into POSITIONS VALUES (218, 'P06', 'livraison', 21);
insert into POSITIONS VALUES (219, 'P07', 'ambulancier', 21);
insert into POSITIONS VALUES (220, 'P08', 'ambulancier', 21);
insert into POSITIONS VALUES (221, 'P09', 'ambulancier', 21);
insert into POSITIONS VALUES (222, 'P10', 'deux-roues', 21);
insert into POSITIONS VALUES (223, 'P00', 'taxis', 22);
insert into POSITIONS VALUES (224, 'P01', 'taxis', 22);
insert into POSITIONS VALUES (225, 'P02', 'mobilite reduite', 22);
insert into POSITIONS VALUES (226, 'P03', 'mobilite reduite', 22);
insert into POSITIONS VALUES (227, 'P04', 'autobus', 22);
insert into POSITIONS VALUES (228, 'P05', 'taxis', 22);
insert into POSITIONS VALUES (229, 'P06', 'ambulancier', 22);
insert into POSITIONS VALUES (230, 'P07', 'taxis', 22);
insert into POSITIONS VALUES (231, 'P08', 'autobus', 22);
insert into POSITIONS VALUES (232, 'P09', 'mobilite reduite', 22);
insert into POSITIONS VALUES (233, 'P10', 'autobus', 22);
insert into POSITIONS VALUES (234, 'P00', 'taxis', 23);
insert into POSITIONS VALUES (235, 'P01', 'ambulancier', 23);
insert into POSITIONS VALUES (236, 'P02', 'livraison', 23);
insert into POSITIONS VALUES (237, 'P03', 'livraison', 23);
insert into POSITIONS VALUES (238, 'P04', 'ambulancier', 23);
insert into POSITIONS VALUES (239, 'P05', 'livraison', 23);
insert into POSITIONS VALUES (240, 'P06', 'taxis', 23);
insert into POSITIONS VALUES (241, 'P00', 'livraison', 24);
insert into POSITIONS VALUES (242, 'P01', 'ambulancier', 24);
insert into POSITIONS VALUES (243, 'P02', 'mobilite reduite', 24);
insert into POSITIONS VALUES (244, 'P03', 'taxis', 24);
insert into POSITIONS VALUES (245, 'P04', 'mobilite reduite', 24);
insert into POSITIONS VALUES (246, 'P05', 'livraison', 24);
insert into POSITIONS VALUES (247, 'P06', 'livraison', 24);
insert into POSITIONS VALUES (248, 'P00', 'autobus', 25);
insert into POSITIONS VALUES (249, 'P01', 'autobus', 25);
insert into POSITIONS VALUES (250, 'P00', 'ambulancier', 26);
insert into POSITIONS VALUES (251, 'P01', 'livraison', 26);
insert into POSITIONS VALUES (252, 'P02', 'livraison', 26);
insert into POSITIONS VALUES (253, 'P03', 'deux-roues', 26);
insert into POSITIONS VALUES (254, 'P04', 'taxis', 26);
insert into POSITIONS VALUES (255, 'P05', 'autobus', 26);
insert into POSITIONS VALUES (256, 'P06', 'mobilite reduite', 26);
insert into POSITIONS VALUES (257, 'P07', 'livraison', 26);
insert into POSITIONS VALUES (258, 'P08', 'taxis', 26);
insert into POSITIONS VALUES (259, 'P09', 'taxis', 26);
insert into POSITIONS VALUES (260, 'P10', 'deux-roues', 26);
insert into POSITIONS VALUES (261, 'P11', 'deux-roues', 26);
insert into POSITIONS VALUES (262, 'P12', 'livraison', 26);
insert into POSITIONS VALUES (263, 'P13', 'ambulancier', 26);
insert into POSITIONS VALUES (264, 'P14', 'taxis', 26);
insert into POSITIONS VALUES (265, 'P00', 'deux-roues', 27);
insert into POSITIONS VALUES (266, 'P01', 'taxis', 27);
insert into POSITIONS VALUES (267, 'P02', 'mobilite reduite', 27);
insert into POSITIONS VALUES (268, 'P03', 'taxis', 27);
insert into POSITIONS VALUES (269, 'P04', 'livraison', 27);
insert into POSITIONS VALUES (270, 'P05', 'livraison', 27);
insert into POSITIONS VALUES (271, 'P06', 'autobus', 27);
insert into POSITIONS VALUES (272, 'P07', 'deux-roues', 27);
insert into POSITIONS VALUES (273, 'P08', 'taxis', 27);
insert into POSITIONS VALUES (274, 'P00', 'livraison', 28);
insert into POSITIONS VALUES (275, 'P01', 'livraison', 28);
insert into POSITIONS VALUES (276, 'P02', 'ambulancier', 28);
insert into POSITIONS VALUES (277, 'P00', 'mobilite reduite', 29);
insert into POSITIONS VALUES (278, 'P01', 'mobilite reduite', 29);
insert into POSITIONS VALUES (279, 'P02', 'taxis', 29);
insert into POSITIONS VALUES (280, 'P03', 'autobus', 29);
insert into POSITIONS VALUES (281, 'P04', 'livraison', 29);
insert into POSITIONS VALUES (282, 'P05', 'autobus', 29);
insert into POSITIONS VALUES (283, 'P06', 'taxis', 29);
insert into POSITIONS VALUES (284, 'P07', 'ambulancier', 29);
insert into POSITIONS VALUES (285, 'P08', 'deux-roues', 29);
insert into POSITIONS VALUES (286, 'P09', 'deux-roues', 29);
insert into POSITIONS VALUES (287, 'P10', 'livraison', 29);
insert into POSITIONS VALUES (288, 'P11', 'mobilite reduite', 29);
insert into POSITIONS VALUES (289, 'P00', 'mobilite reduite', 30);
insert into POSITIONS VALUES (290, 'P01', 'livraison', 30);
insert into POSITIONS VALUES (291, 'P02', 'mobilite reduite', 30);
insert into POSITIONS VALUES (292, 'P03', 'livraison', 30);
insert into POSITIONS VALUES (293, 'P04', 'ambulancier', 30);
insert into POSITIONS VALUES (294, 'P05', 'mobilite reduite', 30);
insert into POSITIONS VALUES (295, 'P06', 'autobus', 30);
insert into POSITIONS VALUES (296, 'P07', 'autobus', 30);
insert into POSITIONS VALUES (297, 'P08', 'deux-roues', 30);
insert into POSITIONS VALUES (298, 'P09', 'autobus', 30);
insert into POSITIONS VALUES (299, 'P10', 'ambulancier', 30);
insert into POSITIONS VALUES (300, 'P11', 'deux-roues', 30);
insert into POSITIONS VALUES (301, 'P12', 'deux-roues', 30);
insert into POSITIONS VALUES (302, 'P13', 'autobus', 30);
insert into POSITIONS VALUES (303, 'P14', 'taxis', 30);
insert into POSITIONS VALUES (304, 'P15', 'taxis', 30);
insert into POSITIONS VALUES (305, 'P16', 'taxis', 30);
insert into POSITIONS VALUES (306, 'P17', 'taxis', 30);
insert into POSITIONS VALUES (307, 'P18', 'deux-roues', 30);
insert into POSITIONS VALUES (308, 'P19', 'mobilite reduite', 30);
insert into POSITIONS VALUES (309, 'P20', 'autobus', 30);
insert into POSITIONS VALUES (310, 'P21', 'autobus', 30);
insert into POSITIONS VALUES (311, 'P22', 'autobus', 30);
insert into POSITIONS VALUES (312, 'P23', 'deux-roues', 30);
insert into POSITIONS VALUES (313, 'P24', 'taxis', 30);
insert into POSITIONS VALUES (314, 'P25', 'mobilite reduite', 30);
insert into POSITIONS VALUES (315, 'P26', 'ambulancier', 30);
insert into POSITIONS VALUES (316, 'P27', 'autobus', 30);
insert into POSITIONS VALUES (317, 'P28', 'autobus', 30);
insert into POSITIONS VALUES (318, 'P29', 'taxis', 30);
insert into POSITIONS VALUES (319, 'P30', 'ambulancier', 30);
insert into POSITIONS VALUES (320, 'P31', 'deux-roues', 30);
insert into POSITIONS VALUES (321, 'P32', 'mobilite reduite', 30);
insert into POSITIONS VALUES (322, 'P33', 'autobus', 30);
insert into POSITIONS VALUES (323, 'P34', 'ambulancier', 30);
insert into POSITIONS VALUES (324, 'P35', 'taxis', 30);
insert into POSITIONS VALUES (325, 'P36', 'mobilite reduite', 30);
insert into POSITIONS VALUES (326, 'P37', 'taxis', 30);
insert into POSITIONS VALUES (327, 'P38', 'deux-roues', 30);
insert into POSITIONS VALUES (328, 'P00', 'livraison', 31);
insert into POSITIONS VALUES (329, 'P01', 'taxis', 31);
insert into POSITIONS VALUES (330, 'P02', 'livraison', 31);
insert into POSITIONS VALUES (331, 'P03', 'taxis', 31);
insert into POSITIONS VALUES (332, 'P04', 'deux-roues', 31);
insert into POSITIONS VALUES (333, 'P05', 'taxis', 31);
insert into POSITIONS VALUES (334, 'P06', 'deux-roues', 31);
insert into POSITIONS VALUES (335, 'P07', 'taxis', 31);
insert into POSITIONS VALUES (336, 'P00', 'livraison', 32);
insert into POSITIONS VALUES (337, 'P00', 'taxis', 33);
insert into POSITIONS VALUES (338, 'P01', 'autobus', 33);
insert into POSITIONS VALUES (339, 'P02', 'taxis', 33);
insert into POSITIONS VALUES (340, 'P03', 'taxis', 33);
insert into POSITIONS VALUES (341, 'P04', 'livraison', 33);
insert into POSITIONS VALUES (342, 'P05', 'autobus', 33);
insert into POSITIONS VALUES (343, 'P00', 'ambulancier', 34);
insert into POSITIONS VALUES (344, 'P01', 'deux-roues', 34);
insert into POSITIONS VALUES (345, 'P02', 'taxis', 34);
insert into POSITIONS VALUES (346, 'P03', 'ambulancier', 34);
insert into POSITIONS VALUES (347, 'P04', 'autobus', 34);
insert into POSITIONS VALUES (348, 'P05', 'ambulancier', 34);
insert into POSITIONS VALUES (349, 'P06', 'autobus', 34);
insert into POSITIONS VALUES (350, 'P07', 'autobus', 34);
insert into POSITIONS VALUES (351, 'P08', 'taxis', 34);
insert into POSITIONS VALUES (352, 'P09', 'livraison', 34);
insert into POSITIONS VALUES (353, 'P10', 'ambulancier', 34);
insert into POSITIONS VALUES (354, 'P11', 'ambulancier', 34);
insert into POSITIONS VALUES (355, 'P12', 'livraison', 34);
insert into POSITIONS VALUES (356, 'P00', 'taxis', 35);
insert into POSITIONS VALUES (357, 'P01', 'ambulancier', 35);
insert into POSITIONS VALUES (358, 'P02', 'mobilite reduite', 35);
insert into POSITIONS VALUES (359, 'P03', 'deux-roues', 35);
insert into POSITIONS VALUES (360, 'P04', 'deux-roues', 35);
insert into POSITIONS VALUES (361, 'P05', 'ambulancier', 35);
insert into POSITIONS VALUES (362, 'P06', 'deux-roues', 35);
insert into POSITIONS VALUES (363, 'P00', 'ambulancier', 36);
insert into POSITIONS VALUES (364, 'P01', 'deux-roues', 36);
insert into POSITIONS VALUES (365, 'P02', 'taxis', 36);
insert into POSITIONS VALUES (366, 'P03', 'ambulancier', 36);
insert into POSITIONS VALUES (367, 'P04', 'autobus', 36);
insert into POSITIONS VALUES (368, 'P05', 'deux-roues', 36);
insert into POSITIONS VALUES (369, 'P06', 'mobilite reduite', 36);
insert into POSITIONS VALUES (370, 'P07', 'livraison', 36);
insert into POSITIONS VALUES (371, 'P08', 'ambulancier', 36);
insert into POSITIONS VALUES (372, 'P09', 'livraison', 36);
insert into POSITIONS VALUES (373, 'P10', 'taxis', 36);
insert into POSITIONS VALUES (374, 'P11', 'autobus', 36);
insert into POSITIONS VALUES (375, 'P12', 'autobus', 36);
insert into POSITIONS VALUES (376, 'P13', 'mobilite reduite', 36);
insert into POSITIONS VALUES (377, 'P14', 'autobus', 36);
insert into POSITIONS VALUES (378, 'P15', 'deux-roues', 36);
insert into POSITIONS VALUES (379, 'P16', 'livraison', 36);
insert into POSITIONS VALUES (380, 'P17', 'deux-roues', 36);
insert into POSITIONS VALUES (381, 'P18', 'mobilite reduite', 36);
insert into POSITIONS VALUES (382, 'P19', 'deux-roues', 36);
insert into POSITIONS VALUES (383, 'P20', 'autobus', 36);
insert into POSITIONS VALUES (384, 'P21', 'ambulancier', 36);
insert into POSITIONS VALUES (385, 'P22', 'autobus', 36);
insert into POSITIONS VALUES (386, 'P23', 'mobilite reduite', 36);
insert into POSITIONS VALUES (387, 'P24', 'taxis', 36);
insert into POSITIONS VALUES (388, 'P25', 'livraison', 36);
insert into POSITIONS VALUES (389, 'P26', 'deux-roues', 36);
insert into POSITIONS VALUES (390, 'P27', 'autobus', 36);
insert into POSITIONS VALUES (391, 'P28', 'deux-roues', 36);
insert into POSITIONS VALUES (392, 'P00', 'livraison', 37);
insert into POSITIONS VALUES (393, 'P01', 'mobilite reduite', 37);
insert into POSITIONS VALUES (394, 'P02', 'autobus', 37);
insert into POSITIONS VALUES (395, 'P03', 'mobilite reduite', 37);
insert into POSITIONS VALUES (396, 'P04', 'livraison', 37);
insert into POSITIONS VALUES (397, 'P05', 'deux-roues', 37);
insert into POSITIONS VALUES (398, 'P06', 'autobus', 37);
insert into POSITIONS VALUES (399, 'P07', 'deux-roues', 37);
insert into POSITIONS VALUES (400, 'P00', 'taxis', 38);
insert into POSITIONS VALUES (401, 'P00', 'deux-roues', 39);
insert into POSITIONS VALUES (402, 'P01', 'deux-roues', 39);
insert into POSITIONS VALUES (403, 'P02', 'autobus', 39);
insert into POSITIONS VALUES (404, 'P03', 'livraison', 39);
insert into POSITIONS VALUES (405, 'P00', 'ambulancier', 40);
insert into POSITIONS VALUES (406, 'P01', 'livraison', 40);
insert into POSITIONS VALUES (407, 'P02', 'taxis', 40);
insert into POSITIONS VALUES (408, 'P03', 'deux-roues', 40);
insert into POSITIONS VALUES (409, 'P04', 'mobilite reduite', 40);
insert into POSITIONS VALUES (410, 'P05', 'deux-roues', 40);
insert into POSITIONS VALUES (411, 'P06', 'deux-roues', 40);
insert into POSITIONS VALUES (412, 'P07', 'autobus', 40);
insert into POSITIONS VALUES (413, 'P08', 'ambulancier', 40);
insert into POSITIONS VALUES (414, 'P09', 'mobilite reduite', 40);
insert into POSITIONS VALUES (415, 'P10', 'ambulancier', 40);
insert into POSITIONS VALUES (416, 'P11', 'autobus', 40);
insert into POSITIONS VALUES (417, 'P12', 'deux-roues', 40);
insert into POSITIONS VALUES (418, 'P13', 'mobilite reduite', 40);
insert into POSITIONS VALUES (419, 'P14', 'ambulancier', 40);
insert into POSITIONS VALUES (420, 'P00', 'taxis', 41);
insert into POSITIONS VALUES (421, 'P01', 'deux-roues', 41);
insert into POSITIONS VALUES (422, 'P02', 'autobus', 41);
insert into POSITIONS VALUES (423, 'P03', 'livraison', 41);
insert into POSITIONS VALUES (424, 'P04', 'deux-roues', 41);
insert into POSITIONS VALUES (425, 'P05', 'livraison', 41);
insert into POSITIONS VALUES (426, 'P06', 'mobilite reduite', 41);
insert into POSITIONS VALUES (427, 'P07', 'deux-roues', 41);
insert into POSITIONS VALUES (428, 'P08', 'ambulancier', 41);
insert into POSITIONS VALUES (429, 'P09', 'ambulancier', 41);
insert into POSITIONS VALUES (430, 'P10', 'ambulancier', 41);
insert into POSITIONS VALUES (431, 'P11', 'deux-roues', 41);
insert into POSITIONS VALUES (432, 'P12', 'ambulancier', 41);
insert into POSITIONS VALUES (433, 'P13', 'mobilite reduite', 41);
insert into POSITIONS VALUES (434, 'P14', 'deux-roues', 41);
insert into POSITIONS VALUES (435, 'P15', 'ambulancier', 41);
insert into POSITIONS VALUES (436, 'P16', 'ambulancier', 41);
insert into POSITIONS VALUES (437, 'P17', 'taxis', 41);
insert into POSITIONS VALUES (438, 'P18', 'deux-roues', 41);
insert into POSITIONS VALUES (439, 'P19', 'autobus', 41);
insert into POSITIONS VALUES (440, 'P00', 'taxis', 42);
insert into POSITIONS VALUES (441, 'P01', 'livraison', 42);
insert into POSITIONS VALUES (442, 'P02', 'ambulancier', 42);
insert into POSITIONS VALUES (443, 'P03', 'ambulancier', 42);
insert into POSITIONS VALUES (444, 'P04', 'livraison', 42);
insert into POSITIONS VALUES (445, 'P05', 'taxis', 42);
insert into POSITIONS VALUES (446, 'P06', 'mobilite reduite', 42);
insert into POSITIONS VALUES (447, 'P07', 'autobus', 42);
insert into POSITIONS VALUES (448, 'P08', 'autobus', 42);
insert into POSITIONS VALUES (449, 'P09', 'livraison', 42);
insert into POSITIONS VALUES (450, 'P10', 'taxis', 42);
insert into POSITIONS VALUES (451, 'P11', 'deux-roues', 42);
insert into POSITIONS VALUES (452, 'P12', 'ambulancier', 42);
insert into POSITIONS VALUES (453, 'P00', 'taxis', 43);
insert into POSITIONS VALUES (454, 'P01', 'taxis', 43);
insert into POSITIONS VALUES (455, 'P02', 'ambulancier', 43);
insert into POSITIONS VALUES (456, 'P00', 'autobus', 44);
insert into POSITIONS VALUES (457, 'P00', 'mobilite reduite', 45);
insert into POSITIONS VALUES (458, 'P00', 'autobus', 46);
insert into POSITIONS VALUES (459, 'P01', 'mobilite reduite', 46);
insert into POSITIONS VALUES (460, 'P00', 'ambulancier', 47);
insert into POSITIONS VALUES (461, 'P01', 'autobus', 47);
insert into POSITIONS VALUES (462, 'P02', 'ambulancier', 47);
insert into POSITIONS VALUES (463, 'P03', 'autobus', 47);
insert into POSITIONS VALUES (464, 'P04', 'livraison', 47);
insert into POSITIONS VALUES (465, 'P05', 'deux-roues', 47);
insert into POSITIONS VALUES (466, 'P06', 'taxis', 47);
insert into POSITIONS VALUES (467, 'P00', 'ambulancier', 48);
insert into POSITIONS VALUES (468, 'P01', 'ambulancier', 48);
insert into POSITIONS VALUES (469, 'P00', 'taxis', 49);
insert into POSITIONS VALUES (470, 'P01', 'ambulancier', 49);
insert into POSITIONS VALUES (471, 'P02', 'autobus', 49);
insert into POSITIONS VALUES (472, 'P03', 'ambulancier', 49);
insert into POSITIONS VALUES (473, 'P00', 'autobus', 50);
insert into POSITIONS VALUES (474, 'P00', 'livraison', 51);
insert into POSITIONS VALUES (475, 'P01', 'livraison', 51);
insert into POSITIONS VALUES (476, 'P02', 'autobus', 51);
insert into POSITIONS VALUES (477, 'P00', 'taxis', 52);
insert into POSITIONS VALUES (478, 'P01', 'taxis', 52);
insert into POSITIONS VALUES (479, 'P02', 'ambulancier', 52);
insert into POSITIONS VALUES (480, 'P03', 'deux-roues', 52);
insert into POSITIONS VALUES (481, 'P04', 'autobus', 52);
insert into POSITIONS VALUES (482, 'P05', 'ambulancier', 52);
insert into POSITIONS VALUES (483, 'P06', 'mobilite reduite', 52);
insert into POSITIONS VALUES (484, 'P07', 'taxis', 52);


-- ============================================================
                --- Table Vehicules ---
		--to_date('28-12-2017 21:00','DD-MM-YYYY HH24:MI')--
-- ============================================================
insert into VEHICULES VALUES ('OC20DM', 'Hyundai', to_date('2019-07-17 10:28''YYYY-MM-DD HH24:MI'), 'taxis', 75970, 'Occasion');
insert into VEHICULES VALUES ('HJ01TZ', 'Mitsubishi', '2006-04-27 17:08:56', 'deux-roues', 71085, 'Neuf');
insert into VEHICULES VALUES ('EJ00RG', 'Kia', '2006-02-14 02:15:38', 'livraison', 14749, 'Neuf');
insert into VEHICULES VALUES ('FY67LW', 'Fiat', '2002-12-19 06:30:51', 'mobilite reduite', 79845, 'Neuf');
insert into VEHICULES VALUES ('CT77OS', 'Fiat', '2002-06-25 11:56:43', 'deux-roues', 18277, 'Occasion');
insert into VEHICULES VALUES ('NM01HU', 'Dodge', '2002-01-12 20:22:31', 'ambulancier', 95974, 'Occasion');
insert into VEHICULES VALUES ('GQ31UO', 'MINI', '2000-12-11 14:01:06', 'deux-roues', 7973, 'Occasion');
insert into VEHICULES VALUES ('OY40LG', 'BMW', '2001-01-01 01:44:17', 'ambulancier', 65666, 'Neuf');
insert into VEHICULES VALUES ('IE51HU', 'Toyota', '1999-01-02 10:13:32', 'autobus', 5776, 'Neuf');
insert into VEHICULES VALUES ('NA42TL', 'Suzuki', '2002-02-26 19:09:28', 'livraison', 78384, 'Occasion');
insert into VEHICULES VALUES ('SW61HU', 'Chrysler', '2011-02-05 05:58:09', 'livraison', 100184, 'Neuf');
insert into VEHICULES VALUES ('AH77AT', 'BMW', '1999-02-23 22:58:10', 'autobus', 61691, 'Occasion');
insert into VEHICULES VALUES ('SD56QL', 'Seat', '2006-01-31 01:52:43', 'ambulancier', 122397, 'Occasion');
insert into VEHICULES VALUES ('II50CO', 'Jaguar', '2000-05-03 15:12:21', 'autobus', 117795, 'Occasion');
insert into VEHICULES VALUES ('EM40PP', 'Hyundai', '2013-01-04 17:12:24', 'livraison', 99488, 'Neuf');
insert into VEHICULES VALUES ('QX16IM', 'Chrysler', '2013-11-09 08:18:30', 'autobus', 51659, 'Neuf');
insert into VEHICULES VALUES ('UK49AS', 'Škoda', '2013-02-17 21:04:47', 'deux-roues', 95361, 'Occasion');
insert into VEHICULES VALUES ('CX87ED', 'Subaru', '2006-05-05 19:17:04', 'ambulancier', 65608, 'Occasion');
insert into VEHICULES VALUES ('SV92OJ', 'Jaguar', '2015-07-19 21:56:54', 'taxis', 17217, 'Occasion');
insert into VEHICULES VALUES ('LK96TY', 'Daewoo', '2014-01-13 01:58:18', 'livraison', 103179, 'Occasion');
insert into VEHICULES VALUES ('ZK54OK', 'Saab', '2011-05-12 14:17:51', 'livraison', 98332, 'Occasion');
insert into VEHICULES VALUES ('BC35PU', 'Lexus', '2005-02-26 04:06:37', 'mobilite reduite', 125664, 'Occasion');
insert into VEHICULES VALUES ('NG63YK', 'Honda', '2015-03-31 07:27:15', 'mobilite reduite', 118881, 'Occasion');
insert into VEHICULES VALUES ('PO82OY', 'Ford', '2004-07-23 20:06:34', 'mobilite reduite', 90185, 'Neuf');
insert into VEHICULES VALUES ('YI50YH', 'Saab', '2006-05-14 20:02:35', 'autobus', 80513, 'Neuf');
insert into VEHICULES VALUES ('NI52UG', 'Volvo', '2013-05-14 17:26:35', 'livraison', 48169, 'Occasion');
insert into VEHICULES VALUES ('NT32OA', 'Jaguar', '2005-02-01 06:07:29', 'autobus', 9861, 'Neuf');
insert into VEHICULES VALUES ('QQ77DN', 'Seat', '2006-03-25 20:36:07', 'deux-roues', 44016, 'Occasion');
insert into VEHICULES VALUES ('JW01ZT', 'Škoda', '2004-03-06 13:16:05', 'autobus', 148260, 'Occasion');
insert into VEHICULES VALUES ('KV02MI', 'Citroën', '2004-11-15 23:45:50', 'autobus', 67305, 'Occasion');
insert into VEHICULES VALUES ('PZ56IM', 'Chrysler', '2019-09-16 07:31:51', 'taxis', 97116, 'Neuf');
insert into VEHICULES VALUES ('GX14VL', 'Porsche', '2006-12-05 12:45:08', 'autobus', 61070, 'Neuf');
insert into VEHICULES VALUES ('WB12FI', 'Opel', '2020-04-02 01:27:36', 'taxis', 99342, 'Occasion');
insert into VEHICULES VALUES ('JO93OY', 'Jaguar', '2009-10-10 15:15:42', 'ambulancier', 72030, 'Occasion');
insert into VEHICULES VALUES ('YI99PA', 'Alfa Romeo', '2012-12-27 08:53:30', 'autobus', 83344, 'Occasion');
insert into VEHICULES VALUES ('ZD56BQ', 'Volkswagen', '2009-11-05 07:44:07', 'deux-roues', 15702, 'Neuf');
insert into VEHICULES VALUES ('GO25SF', 'Alfa Romeo', '2019-12-16 20:46:07', 'autobus', 106055, 'Occasion');
insert into VEHICULES VALUES ('QM38MR', 'Lexus', '2005-04-20 05:08:06', 'deux-roues', 117121, 'Occasion');
insert into VEHICULES VALUES ('OK71UG', 'Smart', '2009-08-07 01:56:45', 'livraison', 21269, 'Neuf');
insert into VEHICULES VALUES ('LU62GD', 'Mercedes-Benz', '2003-02-04 06:45:39', 'autobus', 71580, 'Occasion');
insert into VEHICULES VALUES ('LP73BM', 'Chrysler', '2009-04-03 10:42:17', 'taxis', 145826, 'Neuf');
insert into VEHICULES VALUES ('CG96UJ', 'Jeep', '2018-02-03 23:25:37', 'mobilite reduite', 84787, 'Neuf');
insert into VEHICULES VALUES ('US53KL', 'Peugeot', '2002-02-22 03:55:57', 'ambulancier', 49285, 'Neuf');
insert into VEHICULES VALUES ('MP20TM', 'Citroën', '2009-07-14 19:40:52', 'livraison', 68968, 'Neuf');
insert into VEHICULES VALUES ('RR37CR', 'Lexus', '2006-12-17 13:40:39', 'ambulancier', 53797, 'Neuf');
insert into VEHICULES VALUES ('LJ87ON', 'Volvo', '2003-11-27 02:38:00', 'mobilite reduite', 55367, 'Occasion');
insert into VEHICULES VALUES ('IB15EU', 'Smart', '2008-04-11 00:23:35', 'deux-roues', 102439, 'Occasion');
insert into VEHICULES VALUES ('CS10FO', 'Citroën', '2019-01-06 20:02:12', 'deux-roues', 143225, 'Neuf');
insert into VEHICULES VALUES ('XP73HS', 'Kia', '2006-06-27 10:36:32', 'autobus', 144652, 'Neuf');
insert into VEHICULES VALUES ('OB48FL', 'Subaru', '2019-11-18 04:37:19', 'livraison', 88617, 'Neuf');


-- ============================================================
                --- Table Stationnements ---
-- ============================================================
insert  into STATIONNEMENTS VALUES (6, '2022-05-18 11:33:16', '2022-12-24 04:30:09', 371, 'GQ31UO');
insert  into STATIONNEMENTS VALUES (7, '2022-09-17 19:10:33', '2022-12-17 00:04:20', 173, 'QX16IM');;
insert  into STATIONNEMENTS VALUES (9, '2022-09-08 14:00:20', '2022-11-28 02:14:01', 240, 'GQ31UO');
insert  into STATIONNEMENTS VALUES (10, '2022-03-26 07:50:06', '2022-11-11 06:58:53', 103, 'YI99PA');
insert  into STATIONNEMENTS VALUES (13, '2022-03-06 18:25:01', '2022-12-30 02:40:28', 15, 'UK49AS');
insert  into STATIONNEMENTS VALUES (16, '2022-02-11 13:45:23', '2022-11-11 02:13:28', 317, 'LP73BM');
insert  into  STATIONNEMENTS VALUES (20, '2022-06-03 14:03:15', '2022-11-27 02:34:00', 9, 'GO25SF');
insert  into  STATIONNEMENTS VALUES (22, '2022-03-12 21:51:05', '2022-12-09 15:53:52', 362, 'CS10FO');
insert  into  STATIONNEMENTS VALUES (25, '2022-03-03 15:10:38', '2022-12-12 07:26:21', 433, 'GQ31UO');
insert  into  STATIONNEMENTS VALUES (26, '2022-03-15 09:53:54', '2022-11-13 13:09:00', 300, 'LP73BM');
insert  into  STATIONNEMENTS VALUES (27, '2022-02-05 20:31:04', '2022-11-21 22:59:18', 465, 'OY40LG');
insert  into  STATIONNEMENTS VALUES (28, '2022-07-23 05:23:17', '2022-11-17 16:13:55', 367, 'KV02MI');
insert  into  STATIONNEMENTS VALUES (29, '2022-10-03 11:10:58', '2022-11-23 01:55:53', 95, 'LP73BM');

commit ;
