-- ============================================================
--   Fichier   :  insert.sql                                
--   Nom de la base   :  parking_campus                                
--   Nom de SGBD      :  15.1 Distrib 10.6.7-MariaDB                    
--   Date de creation :  31/10/2022                     
-- ============================================================

-- -----------------------------------------------------
-- Table parking_campus.Communes
-- -----------------------------------------------------
insert into parking_campus.Communes values (92170, 'VANVES');
insert into parking_campus.Communes values (92370, 'CHAVILLE');
insert into parking_campus.Communes values (92410, 'VILLE D AVRAY');
insert into parking_campus.Communes values (92310, 'SEVRES');
insert into parking_campus.Communes values (92190, 'MEUDON');
insert into parking_campus.Communes values (92100, 'BOULOGNE-BILLANCOURT');
insert into parking_campus.Communes values (92130, 'ISSY-LES-MOULINEAUX');

-- -----------------------------------------------------
-- Table parking_campus.Parkings
-- -----------------------------------------------------
insert into parking_campus.Parkings values (1, 'Niwa', '16  RUE RENE COCHE', 0, 46, 92170);
insert into parking_campus.Parkings values (2, 'Atrium', '965  AVENUE ROGER SALENGRO', 0, 16, 92370);
insert into parking_campus.Parkings values (3, 'Parking Fausses-Reposes', 'ROUTE DE VERSAILLES', 0, 57, 92410);
insert into parking_campus.Parkings values (4, 'Gabriel Péri', 'PLACE GABRIEL PERI', 0, 58, 92310);
insert into parking_campus.Parkings values (5, 'Marché', '2 TER AVENUE DE L EUROPE', 0, 37, 92310);
insert into parking_campus.Parkings values (6, 'Parking Terre Neuve', 'RUE TERRE NEUVE', 0, 33, 92190);
insert into parking_campus.Parkings values (7, 'Parking Forêt de Fausses-Reposes', 'ROUTE DES CERISIERS', 0, 24, 92410);
insert into parking_campus.Parkings values (8, 'Parking Jean Jaurès', 'RUE JEAN JAURES', 0, 15, 92370);
insert into parking_campus.Parkings values (9, 'Parking Mortes Fontaines', 'RUE DES MORTES FONTAINES', 0, 8, 92370);
insert into parking_campus.Parkings values (10, 'Les Passages', '161  RUE D AGUESSEAU', 0, 16, 92100);
insert into parking_campus.Parkings values (11, 'Rives de Seine', '38  QUAI GEORGES GORSE', 0, 12, 92100);
insert into parking_campus.Parkings values (12, 'Cours de l Île Seguin', 'COURS DE L ILE SEGUIN', 0, 19, 92100);
insert into parking_campus.Parkings values (13, 'Avant-Seine', '5  RUE DU MARTIN PECHEUR', 0, 60, 92190);
insert into parking_campus.Parkings values (14, 'Marché', '23  RUE ANTOINE FRATACCI', 0, 90, 92170);
insert into parking_campus.Parkings values (15, 'Issy Val de Seine', '7  RUE ROUGET DE L ISLE', 0, 10, 92130);
insert into parking_campus.Parkings values (16, 'Île Saint Germain', '169  QUAI DE STALINGRAD', 0, 15, 92130);
insert into parking_campus.Parkings values (17, 'Gare Rive Droite', '34  RUE CARNOT', 0, 49, 92370);
insert into parking_campus.Parkings values (18, 'Issy Coeur de Ville', 'RUE VICTOR HUGO', 0, 19, 92130);
insert into parking_campus.Parkings values (19, 'Hôtel de Ville', '24 BIS AVENUE ANDRE MORIZET', 0, 19, 92100);
insert into parking_campus.Parkings values (20, 'Troyon', '4  RUE TROYON', 0, 20, 92310);
insert into parking_campus.Parkings values (21, 'Corentin Celton', '19  RUE VAUDETARD', 0, 14, 92130);
insert into parking_campus.Parkings values (22, 'Hôtel de Ville', '60  RUE DU GENERAL LECLERC', 0, 11, 92130);
insert into parking_campus.Parkings values (23, 'Point du Jour', 'PLACE ABEL GANCE', 0, 15, 92100);
insert into parking_campus.Parkings values (24, 'Parking Rue de Versailles', 'RUE DE VERSAILLES', 0, 80, 92410);
insert into parking_campus.Parkings values (25, 'Pont de Sèvres', '82  RUE DE SEVRES', 0, 11, 92100);
insert into parking_campus.Parkings values (26, 'Parking Riocreux', 'RUE RIOCREUX', 0, 17, 92310);
insert into parking_campus.Parkings values (27, 'Marché de Billancourt', '150  RUE DU VIEUX PONT DE SEVRES', 0, 19, 92100);
insert into parking_campus.Parkings values (28, 'Parking Le Muguet', 'RUE DU COLONEL MARCHAND', 0, 10, 92370);
insert into parking_campus.Parkings values (29, 'Maningue', 'RUE DE SAINT CLOUD', 0, 15, 92410);
insert into parking_campus.Parkings values (30, 'Parking Brimborion', 'RUE HENRI SAVIGNAC', 0, 40, 92190);
insert into parking_campus.Parkings values (31, 'Le Gallo', '28  RUE DE SEVRES', 0, 15, 92100);
insert into parking_campus.Parkings values (32, 'Parchamp', '7 TER RUE DU PARCHAMP', 0, 12, 92100);
insert into parking_campus.Parkings values (33, 'Musée de Sèvres', 'ROUTE DE SAINT CLOUD', 0, 18, 92310);
insert into parking_campus.Parkings values (34, 'Centre-Ville', '10  RUE LECOINTRE', 0, 17, 92310);
insert into parking_campus.Parkings values (35, 'Parking De Gaulle', 'PLACE CHARLES DE GAULLE', 0, 82, 92410);
insert into parking_campus.Parkings values (36, 'Parking Malglaive', '12  RUE DE SEVRES', 0, 31, 92410);
insert into parking_campus.Parkings values (37, 'Piscine', '12  RUE LARMEROUX', 0, 10, 92170);
insert into parking_campus.Parkings values (38, 'Ecoquartier', '9  RUE MAZKERET BATIA', 0, 94, 92190);
insert into parking_campus.Parkings values (39, 'Heyrault', '12-14  RUE HEYRAULT', 0, 98, 92100);
insert into parking_campus.Parkings values (40, 'Parking Brancas', 'RUE BRANCAS', 0, 16, 92310);
insert into parking_campus.Parkings values (41, 'Parking Baudreuil', 'RUE DE BAUDREUIL', 0, 24, 92190);
insert into parking_campus.Parkings values (42, 'Manufacture', '2  PLACE DE LA MANUFACTURE NATIONALE', 0, 58, 92310);
insert into parking_campus.Parkings values (43, 'Bellefeuille', '30  RUE DE LA BELLE FEUILLE', 0, 12, 92100);
insert into parking_campus.Parkings values (44, 'Parking Troyon Passerelle de la Seine Musicale', '40  RUE TROYON', 0, 25, 92310);
insert into parking_campus.Parkings values (45, 'Centre-Ville', '1471  AVENUE ROGER SALENGRO', 0, 82, 92370);
insert into parking_campus.Parkings values (46, 'Cabourg', 'RUE JACQUES CABOURG', 0, 75, 92170);
insert into parking_campus.Parkings values (47, 'Fontaine du Roy', '6  RUE DE SAINT CLOUD', 0, 69, 92410);
insert into parking_campus.Parkings values (48, 'Place Centrale', 'RUE BERNARD DELPUECH', 0, 16, 92190);
insert into parking_campus.Parkings values (49, 'Île de Monsieur', 'ROUTE DE SAINT CLOUD', 0, 69, 92310);
insert into parking_campus.Parkings values (50, 'Gymnase', '39-41  GRANDE RUE', 0, 11, 92310);
insert into parking_campus.Parkings values (51, 'Parking Marcel Allegot', 'RUE MARCEL ALLEGOT', 0, 18, 92190);
insert into parking_campus.Parkings values (52, 'Camille Desmoulins', '56  RUE CAMILLE DESMOULINS', 0, 11, 92130);

-- -----------------------------------------------------
-- Table parking_campus.Vehicules
-- -----------------------------------------------------
insert into parking_campus.Vehicules values ('QR77JW', 'Nissan', '2007-12-15 20:34:38', 102535, 'Occasion');
insert into parking_campus.Vehicules values ('OY93RQ', 'Peugeot', '2004-04-17 10:48:03', 65679, 'Neuf');
insert into parking_campus.Vehicules values ('ER27VP', 'Subaru', '2017-10-25 10:48:19', 56236, 'Neuf');
insert into parking_campus.Vehicules values ('KX77MY', 'Seat', '2014-06-06 06:24:33', 78850, 'Occasion');
insert into parking_campus.Vehicules values ('CM99WQ', 'Infiniti', '2008-12-12 13:13:37', 113117, 'Occasion');
insert into parking_campus.Vehicules values ('AW96NT', 'Subaru', '2009-10-22 23:10:03', 130324, 'Occasion');
insert into parking_campus.Vehicules values ('LV87JF', 'Infiniti', '2006-01-05 16:08:39', 36682, 'Neuf');
insert into parking_campus.Vehicules values ('IL14KP', 'Toyota', '2005-01-30 02:32:43', 101148, 'Neuf');
insert into parking_campus.Vehicules values ('OA04QC', 'Daewoo', '2015-04-03 01:14:33', 149345, 'Occasion');
insert into parking_campus.Vehicules values ('ND92IO', 'Chevrolet', '2010-05-22 09:24:50', 89953, 'Neuf');
insert into parking_campus.Vehicules values ('RV04OQ', 'Infiniti', '2021-04-04 05:07:12', 112522, 'Neuf');
insert into parking_campus.Vehicules values ('QX88ZU', 'Volkswagen', '2017-09-16 03:21:52', 44662, 'Neuf');
insert into parking_campus.Vehicules values ('SM65WY', 'Chrysler', '2008-01-07 07:57:59', 44155, 'Occasion');
insert into parking_campus.Vehicules values ('ST25HO', 'Jaguar', '1999-10-03 14:40:03', 144761, 'Neuf');
insert into parking_campus.Vehicules values ('DP89XA', 'Audi', '2021-12-13 11:55:35', 68231, 'Neuf');
insert into parking_campus.Vehicules values ('LK98OF', 'Alfa Romeo', '2017-07-07 20:45:30', 68486, 'Neuf');
insert into parking_campus.Vehicules values ('GZ66BC', 'Daewoo', '2015-03-08 04:58:18', 12070, 'Neuf');
insert into parking_campus.Vehicules values ('AL14WG', 'Smart', '2016-05-18 09:10:33', 47974, 'Neuf');
insert into parking_campus.Vehicules values ('IE89JN', 'BMW', '2015-09-30 22:23:58', 90656, 'Neuf');
insert into parking_campus.Vehicules values ('QK92LN', 'Subaru', '2007-02-20 03:16:02', 74641, 'Neuf');
insert into parking_campus.Vehicules values ('MI61IS', 'Porsche', '1999-03-19 13:36:35', 43883, 'Occasion');
insert into parking_campus.Vehicules values ('MK78JG', 'Honda', '2012-11-09 20:31:25', 54629, 'Occasion');
insert into parking_campus.Vehicules values ('ER04QF', 'MINI', '2003-02-16 20:18:33', 11667, 'Occasion');
insert into parking_campus.Vehicules values ('YE69XL', 'Mercedes-Benz', '2007-07-14 20:27:31', 69553, 'Occasion');
insert into parking_campus.Vehicules values ('FL43XT', 'Mazda', '2002-10-12 09:21:47', 30328, 'Neuf');
insert into parking_campus.Vehicules values ('TA85GA', 'Dodge', '2013-04-03 14:53:03', 126407, 'Neuf');
insert into parking_campus.Vehicules values ('HH47LH', 'Hummer', '2014-01-02 09:45:40', 105441, 'Occasion');
insert into parking_campus.Vehicules values ('JN04HR', 'Land Rover', '2006-07-28 22:28:27', 32536, 'Occasion');
insert into parking_campus.Vehicules values ('LD23RX', 'Chrysler', '2019-05-01 23:21:41', 135262, 'Occasion');
insert into parking_campus.Vehicules values ('ZG99FA', 'Jeep', '2015-07-31 02:47:43', 80504, 'Occasion');
insert into parking_campus.Vehicules values ('PG90PN', 'Renault', '2004-06-21 12:11:23', 140191, 'Occasion');
insert into parking_campus.Vehicules values ('SR47MY', 'Infiniti', '2008-07-27 20:14:37', 28065, 'Occasion');
insert into parking_campus.Vehicules values ('OG56HP', 'Mazda', '2009-08-18 17:00:31', 143022, 'Occasion');
insert into parking_campus.Vehicules values ('AX18GK', 'BMW', '2003-07-23 22:21:20', 62383, 'Neuf');
insert into parking_campus.Vehicules values ('XC56VL', 'Alfa Romeo', '2004-12-26 16:30:21', 105314, 'Neuf');
insert into parking_campus.Vehicules values ('RH21SD', 'Dodge', '2011-10-08 08:10:16', 6532, 'Occasion');
insert into parking_campus.Vehicules values ('DT34QF', 'Alfa Romeo', '2018-01-30 10:00:59', 114260, 'Occasion');
insert into parking_campus.Vehicules values ('NP83MM', 'Porsche', '2001-05-18 15:57:29', 56472, 'Neuf');
insert into parking_campus.Vehicules values ('XU39CA', 'BMW', '2001-03-19 11:34:53', 145228, 'Neuf');
insert into parking_campus.Vehicules values ('PL40WM', 'Jeep', '2002-11-15 02:03:41', 42819, 'Neuf');
insert into parking_campus.Vehicules values ('OU54PZ', 'Nissan', '2010-08-10 21:44:31', 79769, 'Occasion');
insert into parking_campus.Vehicules values ('DH06YA', 'Citroën', '2017-02-24 05:44:49', 84808, 'Neuf');
insert into parking_campus.Vehicules values ('IR11LX', 'Jaguar', '2007-12-29 15:59:43', 12553, 'Occasion');
insert into parking_campus.Vehicules values ('HX31UA', 'Honda', '2012-06-09 07:44:28', 87136, 'Occasion');
insert into parking_campus.Vehicules values ('QK57PU', 'Škoda', '2017-03-14 15:28:23', 27849, 'Neuf');
insert into parking_campus.Vehicules values ('VP24PN', 'Lexus', '2017-01-13 09:06:54', 98490, 'Neuf');
insert into parking_campus.Vehicules values ('TK88TT', 'Mitsubishi', '2005-08-12 18:20:59', 94709, 'Occasion');
insert into parking_campus.Vehicules values ('MU93BK', 'Chevrolet', '2011-03-17 10:52:24', 118318, 'Occasion');
insert into parking_campus.Vehicules values ('HO79IK', 'Hyundai', '2020-11-23 22:53:39', 110196, 'Occasion');
insert into parking_campus.Vehicules values ('GE55HB', 'Land Rover', '2021-08-10 17:54:28', 142842, 'Occasion');

-- -----------------------------------------------------
-- Table parking_campus.Places
-- -----------------------------------------------------
insert into parking_campus.Places values (1, 0, 1);
insert into parking_campus.Places values (2, 1, 1);
insert into parking_campus.Places values (3, 2, 1);
insert into parking_campus.Places values (4, 3, 1);
insert into parking_campus.Places values (5, 4, 1);
insert into parking_campus.Places values (6, 5, 1);
insert into parking_campus.Places values (7, 6, 1);
insert into parking_campus.Places values (8, 0, 2);
insert into parking_campus.Places values (9, 1, 2);
insert into parking_campus.Places values (10, 0, 3);
insert into parking_campus.Places values (11, 1, 3);
insert into parking_campus.Places values (12, 2, 3);
insert into parking_campus.Places values (13, 3, 3);
insert into parking_campus.Places values (14, 4, 3);
insert into parking_campus.Places values (15, 5, 3);
insert into parking_campus.Places values (16, 6, 3);
insert into parking_campus.Places values (17, 7, 3);
insert into parking_campus.Places values (18, 8, 3);
insert into parking_campus.Places values (19, 9, 3);
insert into parking_campus.Places values (20, 10, 3);
insert into parking_campus.Places values (21, 11, 3);
insert into parking_campus.Places values (22, 12, 3);
insert into parking_campus.Places values (23, 13, 3);
insert into parking_campus.Places values (24, 14, 3);
insert into parking_campus.Places values (25, 15, 3);
insert into parking_campus.Places values (26, 16, 3);
insert into parking_campus.Places values (27, 17, 3);
insert into parking_campus.Places values (28, 18, 3);
insert into parking_campus.Places values (29, 19, 3);
insert into parking_campus.Places values (30, 20, 3);
insert into parking_campus.Places values (31, 21, 3);
insert into parking_campus.Places values (32, 22, 3);
insert into parking_campus.Places values (33, 23, 3);
insert into parking_campus.Places values (34, 24, 3);
insert into parking_campus.Places values (35, 25, 3);
insert into parking_campus.Places values (36, 26, 3);
insert into parking_campus.Places values (37, 27, 3);
insert into parking_campus.Places values (38, 28, 3);
insert into parking_campus.Places values (39, 29, 3);
insert into parking_campus.Places values (40, 30, 3);
insert into parking_campus.Places values (41, 31, 3);
insert into parking_campus.Places values (42, 32, 3);
insert into parking_campus.Places values (43, 33, 3);
insert into parking_campus.Places values (44, 34, 3);
insert into parking_campus.Places values (45, 35, 3);
insert into parking_campus.Places values (46, 36, 3);
insert into parking_campus.Places values (47, 37, 3);
insert into parking_campus.Places values (48, 38, 3);
insert into parking_campus.Places values (49, 39, 3);
insert into parking_campus.Places values (50, 40, 3);
insert into parking_campus.Places values (51, 41, 3);
insert into parking_campus.Places values (52, 42, 3);
insert into parking_campus.Places values (53, 43, 3);
insert into parking_campus.Places values (54, 44, 3);
insert into parking_campus.Places values (55, 45, 3);
insert into parking_campus.Places values (56, 0, 4);
insert into parking_campus.Places values (57, 1, 4);
insert into parking_campus.Places values (58, 2, 4);
insert into parking_campus.Places values (59, 3, 4);
insert into parking_campus.Places values (60, 4, 4);
insert into parking_campus.Places values (61, 5, 4);
insert into parking_campus.Places values (62, 6, 4);
insert into parking_campus.Places values (63, 7, 4);
insert into parking_campus.Places values (64, 8, 4);
insert into parking_campus.Places values (65, 9, 4);
insert into parking_campus.Places values (66, 10, 4);
insert into parking_campus.Places values (67, 11, 4);
insert into parking_campus.Places values (68, 0, 5);
insert into parking_campus.Places values (69, 1, 5);
insert into parking_campus.Places values (70, 2, 5);
insert into parking_campus.Places values (71, 3, 5);
insert into parking_campus.Places values (72, 4, 5);
insert into parking_campus.Places values (73, 5, 5);
insert into parking_campus.Places values (74, 6, 5);
insert into parking_campus.Places values (75, 7, 5);
insert into parking_campus.Places values (76, 8, 5);
insert into parking_campus.Places values (77, 9, 5);
insert into parking_campus.Places values (78, 10, 5);
insert into parking_campus.Places values (79, 11, 5);
insert into parking_campus.Places values (80, 12, 5);
insert into parking_campus.Places values (81, 13, 5);
insert into parking_campus.Places values (82, 14, 5);
insert into parking_campus.Places values (83, 15, 5);
insert into parking_campus.Places values (84, 16, 5);
insert into parking_campus.Places values (85, 17, 5);
insert into parking_campus.Places values (86, 18, 5);
insert into parking_campus.Places values (87, 19, 5);
insert into parking_campus.Places values (88, 20, 5);
insert into parking_campus.Places values (89, 0, 6);
insert into parking_campus.Places values (90, 1, 6);
insert into parking_campus.Places values (91, 2, 6);
insert into parking_campus.Places values (92, 3, 6);
insert into parking_campus.Places values (93, 4, 6);
insert into parking_campus.Places values (94, 5, 6);
insert into parking_campus.Places values (95, 6, 6);
insert into parking_campus.Places values (96, 7, 6);
insert into parking_campus.Places values (97, 8, 6);
insert into parking_campus.Places values (98, 9, 6);
insert into parking_campus.Places values (99, 10, 6);
insert into parking_campus.Places values (100, 0, 7);
insert into parking_campus.Places values (101, 1, 7);
insert into parking_campus.Places values (102, 0, 8);
insert into parking_campus.Places values (103, 1, 8);
insert into parking_campus.Places values (104, 2, 8);
insert into parking_campus.Places values (105, 3, 8);
insert into parking_campus.Places values (106, 4, 8);
insert into parking_campus.Places values (107, 0, 9);
insert into parking_campus.Places values (108, 1, 9);
insert into parking_campus.Places values (109, 2, 9);
insert into parking_campus.Places values (110, 3, 9);
insert into parking_campus.Places values (111, 4, 9);
insert into parking_campus.Places values (112, 5, 9);
insert into parking_campus.Places values (113, 0, 10);
insert into parking_campus.Places values (114, 1, 10);
insert into parking_campus.Places values (115, 2, 10);
insert into parking_campus.Places values (116, 3, 10);
insert into parking_campus.Places values (117, 4, 10);
insert into parking_campus.Places values (118, 5, 10);
insert into parking_campus.Places values (119, 6, 10);
insert into parking_campus.Places values (120, 0, 11);
insert into parking_campus.Places values (121, 1, 11);
insert into parking_campus.Places values (122, 2, 11);
insert into parking_campus.Places values (123, 3, 11);
insert into parking_campus.Places values (124, 4, 11);
insert into parking_campus.Places values (125, 5, 11);
insert into parking_campus.Places values (126, 6, 11);
insert into parking_campus.Places values (127, 7, 11);
insert into parking_campus.Places values (128, 8, 11);
insert into parking_campus.Places values (129, 9, 11);
insert into parking_campus.Places values (130, 10, 11);
insert into parking_campus.Places values (131, 11, 11);
insert into parking_campus.Places values (132, 0, 12);
insert into parking_campus.Places values (133, 1, 12);
insert into parking_campus.Places values (134, 2, 12);
insert into parking_campus.Places values (135, 3, 12);
insert into parking_campus.Places values (136, 4, 12);
insert into parking_campus.Places values (137, 5, 12);
insert into parking_campus.Places values (138, 6, 12);
insert into parking_campus.Places values (139, 7, 12);
insert into parking_campus.Places values (140, 8, 12);
insert into parking_campus.Places values (141, 9, 12);
insert into parking_campus.Places values (142, 10, 12);
insert into parking_campus.Places values (143, 11, 12);
insert into parking_campus.Places values (144, 12, 12);
insert into parking_campus.Places values (145, 0, 13);
insert into parking_campus.Places values (146, 1, 13);
insert into parking_campus.Places values (147, 2, 13);
insert into parking_campus.Places values (148, 3, 13);
insert into parking_campus.Places values (149, 4, 13);
insert into parking_campus.Places values (150, 5, 13);
insert into parking_campus.Places values (151, 6, 13);
insert into parking_campus.Places values (152, 7, 13);
insert into parking_campus.Places values (153, 8, 13);
insert into parking_campus.Places values (154, 9, 13);
insert into parking_campus.Places values (155, 10, 13);
insert into parking_campus.Places values (156, 11, 13);
insert into parking_campus.Places values (157, 12, 13);
insert into parking_campus.Places values (158, 13, 13);
insert into parking_campus.Places values (159, 14, 13);
insert into parking_campus.Places values (160, 15, 13);
insert into parking_campus.Places values (161, 16, 13);
insert into parking_campus.Places values (162, 17, 13);
insert into parking_campus.Places values (163, 18, 13);
insert into parking_campus.Places values (164, 0, 14);
insert into parking_campus.Places values (165, 1, 14);
insert into parking_campus.Places values (166, 2, 14);
insert into parking_campus.Places values (167, 3, 14);
insert into parking_campus.Places values (168, 4, 14);
insert into parking_campus.Places values (169, 5, 14);
insert into parking_campus.Places values (170, 6, 14);
insert into parking_campus.Places values (171, 7, 14);
insert into parking_campus.Places values (172, 8, 14);
insert into parking_campus.Places values (173, 9, 14);
insert into parking_campus.Places values (174, 10, 14);
insert into parking_campus.Places values (175, 11, 14);
insert into parking_campus.Places values (176, 12, 14);
insert into parking_campus.Places values (177, 13, 14);
insert into parking_campus.Places values (178, 14, 14);
insert into parking_campus.Places values (179, 15, 14);
insert into parking_campus.Places values (180, 16, 14);
insert into parking_campus.Places values (181, 17, 14);
insert into parking_campus.Places values (182, 18, 14);
insert into parking_campus.Places values (183, 19, 14);
insert into parking_campus.Places values (184, 20, 14);
insert into parking_campus.Places values (185, 21, 14);
insert into parking_campus.Places values (186, 22, 14);
insert into parking_campus.Places values (187, 23, 14);
insert into parking_campus.Places values (188, 24, 14);
insert into parking_campus.Places values (189, 25, 14);
insert into parking_campus.Places values (190, 26, 14);
insert into parking_campus.Places values (191, 27, 14);
insert into parking_campus.Places values (192, 28, 14);
insert into parking_campus.Places values (193, 29, 14);
insert into parking_campus.Places values (194, 30, 14);
insert into parking_campus.Places values (195, 31, 14);
insert into parking_campus.Places values (196, 32, 14);
insert into parking_campus.Places values (197, 33, 14);
insert into parking_campus.Places values (198, 34, 14);
insert into parking_campus.Places values (199, 35, 14);
insert into parking_campus.Places values (200, 36, 14);
insert into parking_campus.Places values (201, 37, 14);
insert into parking_campus.Places values (202, 38, 14);
insert into parking_campus.Places values (203, 39, 14);
insert into parking_campus.Places values (204, 40, 14);
insert into parking_campus.Places values (205, 41, 14);
insert into parking_campus.Places values (206, 0, 15);
insert into parking_campus.Places values (207, 1, 15);
insert into parking_campus.Places values (208, 2, 15);
insert into parking_campus.Places values (209, 3, 15);
insert into parking_campus.Places values (210, 4, 15);
insert into parking_campus.Places values (211, 5, 15);
insert into parking_campus.Places values (212, 6, 15);
insert into parking_campus.Places values (213, 7, 15);
insert into parking_campus.Places values (214, 0, 16);
insert into parking_campus.Places values (215, 1, 16);
insert into parking_campus.Places values (216, 2, 16);
insert into parking_campus.Places values (217, 3, 16);
insert into parking_campus.Places values (218, 4, 16);
insert into parking_campus.Places values (219, 5, 16);
insert into parking_campus.Places values (220, 6, 16);
insert into parking_campus.Places values (221, 7, 16);
insert into parking_campus.Places values (222, 8, 16);
insert into parking_campus.Places values (223, 9, 16);
insert into parking_campus.Places values (224, 10, 16);
insert into parking_campus.Places values (225, 11, 16);
insert into parking_campus.Places values (226, 12, 16);
insert into parking_campus.Places values (227, 13, 16);
insert into parking_campus.Places values (228, 14, 16);
insert into parking_campus.Places values (229, 0, 17);
insert into parking_campus.Places values (230, 1, 17);
insert into parking_campus.Places values (231, 2, 17);
insert into parking_campus.Places values (232, 3, 17);
insert into parking_campus.Places values (233, 4, 17);
insert into parking_campus.Places values (234, 5, 17);
insert into parking_campus.Places values (235, 6, 17);
insert into parking_campus.Places values (236, 7, 17);
insert into parking_campus.Places values (237, 8, 17);
insert into parking_campus.Places values (238, 9, 17);
insert into parking_campus.Places values (239, 10, 17);
insert into parking_campus.Places values (240, 11, 17);
insert into parking_campus.Places values (241, 12, 17);
insert into parking_campus.Places values (242, 13, 17);
insert into parking_campus.Places values (243, 14, 17);
insert into parking_campus.Places values (244, 15, 17);
insert into parking_campus.Places values (245, 16, 17);
insert into parking_campus.Places values (246, 17, 17);
insert into parking_campus.Places values (247, 18, 17);
insert into parking_campus.Places values (248, 19, 17);
insert into parking_campus.Places values (249, 20, 17);
insert into parking_campus.Places values (250, 21, 17);
insert into parking_campus.Places values (251, 22, 17);
insert into parking_campus.Places values (252, 23, 17);
insert into parking_campus.Places values (253, 24, 17);
insert into parking_campus.Places values (254, 25, 17);
insert into parking_campus.Places values (255, 26, 17);
insert into parking_campus.Places values (256, 0, 18);
insert into parking_campus.Places values (257, 1, 18);
insert into parking_campus.Places values (258, 2, 18);
insert into parking_campus.Places values (259, 3, 18);
insert into parking_campus.Places values (260, 4, 18);
insert into parking_campus.Places values (261, 5, 18);
insert into parking_campus.Places values (262, 6, 18);
insert into parking_campus.Places values (263, 7, 18);
insert into parking_campus.Places values (264, 0, 19);
insert into parking_campus.Places values (265, 1, 19);
insert into parking_campus.Places values (266, 2, 19);
insert into parking_campus.Places values (267, 3, 19);
insert into parking_campus.Places values (268, 4, 19);
insert into parking_campus.Places values (269, 5, 19);
insert into parking_campus.Places values (270, 6, 19);
insert into parking_campus.Places values (271, 7, 19);
insert into parking_campus.Places values (272, 8, 19);
insert into parking_campus.Places values (273, 9, 19);
insert into parking_campus.Places values (274, 0, 20);
insert into parking_campus.Places values (275, 1, 20);
insert into parking_campus.Places values (276, 0, 21);
insert into parking_campus.Places values (277, 0, 22);
insert into parking_campus.Places values (278, 1, 22);
insert into parking_campus.Places values (279, 2, 22);
insert into parking_campus.Places values (280, 3, 22);
insert into parking_campus.Places values (281, 4, 22);
insert into parking_campus.Places values (282, 5, 22);
insert into parking_campus.Places values (283, 0, 23);
insert into parking_campus.Places values (284, 1, 23);
insert into parking_campus.Places values (285, 2, 23);
insert into parking_campus.Places values (286, 3, 23);
insert into parking_campus.Places values (287, 4, 23);
insert into parking_campus.Places values (288, 5, 23);
insert into parking_campus.Places values (289, 0, 24);
insert into parking_campus.Places values (290, 1, 24);
insert into parking_campus.Places values (291, 2, 24);
insert into parking_campus.Places values (292, 3, 24);
insert into parking_campus.Places values (293, 4, 24);
insert into parking_campus.Places values (294, 5, 24);
insert into parking_campus.Places values (295, 6, 24);
insert into parking_campus.Places values (296, 7, 24);
insert into parking_campus.Places values (297, 8, 24);
insert into parking_campus.Places values (298, 9, 24);
insert into parking_campus.Places values (299, 10, 24);
insert into parking_campus.Places values (300, 11, 24);
insert into parking_campus.Places values (301, 12, 24);
insert into parking_campus.Places values (302, 13, 24);
insert into parking_campus.Places values (303, 14, 24);
insert into parking_campus.Places values (304, 15, 24);
insert into parking_campus.Places values (305, 16, 24);
insert into parking_campus.Places values (306, 17, 24);
insert into parking_campus.Places values (307, 18, 24);
insert into parking_campus.Places values (308, 19, 24);
insert into parking_campus.Places values (309, 20, 24);
insert into parking_campus.Places values (310, 21, 24);
insert into parking_campus.Places values (311, 22, 24);
insert into parking_campus.Places values (312, 23, 24);
insert into parking_campus.Places values (313, 24, 24);
insert into parking_campus.Places values (314, 25, 24);
insert into parking_campus.Places values (315, 26, 24);
insert into parking_campus.Places values (316, 27, 24);
insert into parking_campus.Places values (317, 28, 24);
insert into parking_campus.Places values (318, 29, 24);
insert into parking_campus.Places values (319, 30, 24);
insert into parking_campus.Places values (320, 31, 24);
insert into parking_campus.Places values (321, 32, 24);
insert into parking_campus.Places values (322, 33, 24);
insert into parking_campus.Places values (323, 34, 24);
insert into parking_campus.Places values (324, 35, 24);
insert into parking_campus.Places values (325, 36, 24);
insert into parking_campus.Places values (326, 37, 24);
insert into parking_campus.Places values (327, 38, 24);
insert into parking_campus.Places values (328, 39, 24);
insert into parking_campus.Places values (329, 40, 24);
insert into parking_campus.Places values (330, 41, 24);
insert into parking_campus.Places values (331, 42, 24);
insert into parking_campus.Places values (332, 43, 24);
insert into parking_campus.Places values (333, 44, 24);
insert into parking_campus.Places values (334, 45, 24);
insert into parking_campus.Places values (335, 46, 24);
insert into parking_campus.Places values (336, 47, 24);
insert into parking_campus.Places values (337, 48, 24);
insert into parking_campus.Places values (338, 49, 24);
insert into parking_campus.Places values (339, 50, 24);
insert into parking_campus.Places values (340, 51, 24);
insert into parking_campus.Places values (341, 52, 24);
insert into parking_campus.Places values (342, 53, 24);
insert into parking_campus.Places values (343, 54, 24);
insert into parking_campus.Places values (344, 55, 24);
insert into parking_campus.Places values (345, 56, 24);
insert into parking_campus.Places values (346, 57, 24);
insert into parking_campus.Places values (347, 58, 24);
insert into parking_campus.Places values (348, 59, 24);
insert into parking_campus.Places values (349, 60, 24);
insert into parking_campus.Places values (350, 61, 24);
insert into parking_campus.Places values (351, 62, 24);
insert into parking_campus.Places values (352, 63, 24);
insert into parking_campus.Places values (353, 64, 24);
insert into parking_campus.Places values (354, 65, 24);
insert into parking_campus.Places values (355, 66, 24);
insert into parking_campus.Places values (356, 67, 24);
insert into parking_campus.Places values (357, 68, 24);
insert into parking_campus.Places values (358, 69, 24);
insert into parking_campus.Places values (359, 70, 24);
insert into parking_campus.Places values (360, 71, 24);
insert into parking_campus.Places values (361, 72, 24);
insert into parking_campus.Places values (362, 73, 24);
insert into parking_campus.Places values (363, 74, 24);
insert into parking_campus.Places values (364, 75, 24);
insert into parking_campus.Places values (365, 76, 24);
insert into parking_campus.Places values (366, 0, 25);
insert into parking_campus.Places values (367, 1, 25);
insert into parking_campus.Places values (368, 2, 25);
insert into parking_campus.Places values (369, 3, 25);
insert into parking_campus.Places values (370, 0, 26);
insert into parking_campus.Places values (371, 1, 26);
insert into parking_campus.Places values (372, 2, 26);
insert into parking_campus.Places values (373, 3, 26);
insert into parking_campus.Places values (374, 4, 26);
insert into parking_campus.Places values (375, 5, 26);
insert into parking_campus.Places values (376, 6, 26);
insert into parking_campus.Places values (377, 7, 26);
insert into parking_campus.Places values (378, 8, 26);
insert into parking_campus.Places values (379, 0, 27);
insert into parking_campus.Places values (380, 0, 28);
insert into parking_campus.Places values (381, 1, 28);
insert into parking_campus.Places values (382, 2, 28);
insert into parking_campus.Places values (383, 3, 28);
insert into parking_campus.Places values (384, 4, 28);
insert into parking_campus.Places values (385, 5, 28);
insert into parking_campus.Places values (386, 6, 28);
insert into parking_campus.Places values (387, 0, 29);
insert into parking_campus.Places values (388, 1, 29);
insert into parking_campus.Places values (389, 2, 29);
insert into parking_campus.Places values (390, 3, 29);
insert into parking_campus.Places values (391, 4, 29);
insert into parking_campus.Places values (392, 5, 29);
insert into parking_campus.Places values (393, 6, 29);
insert into parking_campus.Places values (394, 7, 29);
insert into parking_campus.Places values (395, 8, 29);
insert into parking_campus.Places values (396, 9, 29);
insert into parking_campus.Places values (397, 10, 29);
insert into parking_campus.Places values (398, 11, 29);
insert into parking_campus.Places values (399, 0, 30);
insert into parking_campus.Places values (400, 1, 30);
insert into parking_campus.Places values (401, 2, 30);
insert into parking_campus.Places values (402, 3, 30);
insert into parking_campus.Places values (403, 4, 30);
insert into parking_campus.Places values (404, 5, 30);
insert into parking_campus.Places values (405, 6, 30);
insert into parking_campus.Places values (406, 7, 30);
insert into parking_campus.Places values (407, 8, 30);
insert into parking_campus.Places values (408, 9, 30);
insert into parking_campus.Places values (409, 10, 30);
insert into parking_campus.Places values (410, 11, 30);
insert into parking_campus.Places values (411, 12, 30);
insert into parking_campus.Places values (412, 13, 30);
insert into parking_campus.Places values (413, 14, 30);
insert into parking_campus.Places values (414, 0, 31);
insert into parking_campus.Places values (415, 1, 31);
insert into parking_campus.Places values (416, 2, 31);
insert into parking_campus.Places values (417, 3, 31);
insert into parking_campus.Places values (418, 4, 31);
insert into parking_campus.Places values (419, 5, 31);
insert into parking_campus.Places values (420, 6, 31);
insert into parking_campus.Places values (421, 7, 31);
insert into parking_campus.Places values (422, 8, 31);
insert into parking_campus.Places values (423, 9, 31);
insert into parking_campus.Places values (424, 10, 31);
insert into parking_campus.Places values (425, 11, 31);
insert into parking_campus.Places values (426, 12, 31);
insert into parking_campus.Places values (427, 0, 32);
insert into parking_campus.Places values (428, 1, 32);
insert into parking_campus.Places values (429, 2, 32);
insert into parking_campus.Places values (430, 3, 32);
insert into parking_campus.Places values (431, 4, 32);
insert into parking_campus.Places values (432, 0, 33);
insert into parking_campus.Places values (433, 1, 33);
insert into parking_campus.Places values (434, 2, 33);
insert into parking_campus.Places values (435, 3, 33);
insert into parking_campus.Places values (436, 4, 33);
insert into parking_campus.Places values (437, 5, 33);
insert into parking_campus.Places values (438, 6, 33);
insert into parking_campus.Places values (439, 7, 33);
insert into parking_campus.Places values (440, 8, 33);
insert into parking_campus.Places values (441, 9, 33);
insert into parking_campus.Places values (442, 10, 33);
insert into parking_campus.Places values (443, 11, 33);
insert into parking_campus.Places values (444, 12, 33);
insert into parking_campus.Places values (445, 13, 33);
insert into parking_campus.Places values (446, 14, 33);
insert into parking_campus.Places values (447, 0, 34);
insert into parking_campus.Places values (448, 1, 34);
insert into parking_campus.Places values (449, 2, 34);
insert into parking_campus.Places values (450, 3, 34);
insert into parking_campus.Places values (451, 4, 34);
insert into parking_campus.Places values (452, 5, 34);
insert into parking_campus.Places values (453, 6, 34);
insert into parking_campus.Places values (454, 7, 34);
insert into parking_campus.Places values (455, 8, 34);
insert into parking_campus.Places values (456, 9, 34);
insert into parking_campus.Places values (457, 0, 35);
insert into parking_campus.Places values (458, 1, 35);
insert into parking_campus.Places values (459, 2, 35);
insert into parking_campus.Places values (460, 3, 35);
insert into parking_campus.Places values (461, 1, 36);
insert into parking_campus.Places values (462, 2, 36);
insert into parking_campus.Places values (463, 3, 36);
insert into parking_campus.Places values (464, 4, 36);
insert into parking_campus.Places values (465, 5, 36);
insert into parking_campus.Places values (466, 6, 36);
insert into parking_campus.Places values (467, 7, 36);
insert into parking_campus.Places values (468, 8, 36);
insert into parking_campus.Places values (469, 9, 36);
insert into parking_campus.Places values (470, 10, 36);
insert into parking_campus.Places values (471, 11, 36);
insert into parking_campus.Places values (472, 12, 36);
insert into parking_campus.Places values (473, 13, 36);
insert into parking_campus.Places values (474, 0, 37);
insert into parking_campus.Places values (475, 1, 37);
insert into parking_campus.Places values (476, 2, 37);
insert into parking_campus.Places values (477, 3, 37);
insert into parking_campus.Places values (478, 4, 37);
insert into parking_campus.Places values (479, 5, 37);
insert into parking_campus.Places values (480, 6, 37);
insert into parking_campus.Places values (481, 0, 38);
insert into parking_campus.Places values (482, 1, 38);
insert into parking_campus.Places values (483, 2, 38);
insert into parking_campus.Places values (484, 3, 38);
insert into parking_campus.Places values (485, 4, 38);
insert into parking_campus.Places values (486, 5, 38);
insert into parking_campus.Places values (487, 6, 38);
insert into parking_campus.Places values (488, 7, 38);
insert into parking_campus.Places values (489, 8, 38);
insert into parking_campus.Places values (490, 9, 38);
insert into parking_campus.Places values (491, 10, 38);
insert into parking_campus.Places values (492, 11, 38);
insert into parking_campus.Places values (493, 12, 38);
insert into parking_campus.Places values (494, 13, 38);
insert into parking_campus.Places values (495, 14, 38);
insert into parking_campus.Places values (496, 15, 38);
insert into parking_campus.Places values (497, 16, 38);
insert into parking_campus.Places values (498, 17, 38);
insert into parking_campus.Places values (499, 18, 38);
insert into parking_campus.Places values (500, 19, 38);
insert into parking_campus.Places values (501, 20, 38);
insert into parking_campus.Places values (502, 21, 38);
insert into parking_campus.Places values (503, 22, 38);
insert into parking_campus.Places values (504, 23, 38);
insert into parking_campus.Places values (505, 24, 38);
insert into parking_campus.Places values (506, 25, 38);
insert into parking_campus.Places values (507, 26, 38);
insert into parking_campus.Places values (508, 27, 38);
insert into parking_campus.Places values (509, 28, 38);
insert into parking_campus.Places values (510, 29, 38);
insert into parking_campus.Places values (511, 30, 38);
insert into parking_campus.Places values (512, 31, 38);
insert into parking_campus.Places values (513, 32, 38);
insert into parking_campus.Places values (514, 33, 38);
insert into parking_campus.Places values (515, 34, 38);
insert into parking_campus.Places values (516, 35, 38);
insert into parking_campus.Places values (517, 36, 38);
insert into parking_campus.Places values (518, 37, 38);
insert into parking_campus.Places values (519, 38, 38);
insert into parking_campus.Places values (520, 0, 39);
insert into parking_campus.Places values (521, 1, 39);
insert into parking_campus.Places values (522, 2, 39);
insert into parking_campus.Places values (523, 3, 39);
insert into parking_campus.Places values (524, 4, 39);
insert into parking_campus.Places values (525, 5, 39);
insert into parking_campus.Places values (526, 6, 39);
insert into parking_campus.Places values (527, 7, 39);
insert into parking_campus.Places values (528, 8, 39);
insert into parking_campus.Places values (529, 9, 39);
insert into parking_campus.Places values (530, 10, 39);
insert into parking_campus.Places values (531, 11, 39);
insert into parking_campus.Places values (532, 12, 39);
insert into parking_campus.Places values (533, 13, 39);
insert into parking_campus.Places values (534, 14, 39);
insert into parking_campus.Places values (535, 15, 39);
insert into parking_campus.Places values (536, 16, 39);
insert into parking_campus.Places values (537, 17, 39);
insert into parking_campus.Places values (538, 18, 39);
insert into parking_campus.Places values (539, 19, 39);
insert into parking_campus.Places values (540, 20, 39);
insert into parking_campus.Places values (541, 21, 39);
insert into parking_campus.Places values (542, 22, 39);
insert into parking_campus.Places values (543, 23, 39);
insert into parking_campus.Places values (544, 24, 39);
insert into parking_campus.Places values (545, 25, 39);
insert into parking_campus.Places values (546, 26, 39);
insert into parking_campus.Places values (547, 27, 39);
insert into parking_campus.Places values (548, 28, 39);
insert into parking_campus.Places values (549, 29, 39);
insert into parking_campus.Places values (550, 30, 39);
insert into parking_campus.Places values (551, 31, 39);
insert into parking_campus.Places values (552, 32, 39);
insert into parking_campus.Places values (553, 33, 39);
insert into parking_campus.Places values (554, 34, 39);
insert into parking_campus.Places values (555, 35, 39);
insert into parking_campus.Places values (556, 36, 39);
insert into parking_campus.Places values (557, 37, 39);
insert into parking_campus.Places values (558, 38, 39);
insert into parking_campus.Places values (559, 39, 39);
insert into parking_campus.Places values (560, 40, 39);
insert into parking_campus.Places values (561, 41, 39);
insert into parking_campus.Places values (562, 42, 39);
insert into parking_campus.Places values (563, 43, 39);
insert into parking_campus.Places values (564, 44, 39);
insert into parking_campus.Places values (565, 45, 39);
insert into parking_campus.Places values (566, 46, 39);
insert into parking_campus.Places values (567, 47, 39);
insert into parking_campus.Places values (568, 48, 39);
insert into parking_campus.Places values (569, 49, 39);
insert into parking_campus.Places values (570, 50, 39);
insert into parking_campus.Places values (571, 51, 39);
insert into parking_campus.Places values (572, 52, 39);
insert into parking_campus.Places values (573, 53, 39);
insert into parking_campus.Places values (574, 54, 39);
insert into parking_campus.Places values (575, 55, 39);
insert into parking_campus.Places values (576, 56, 39);
insert into parking_campus.Places values (577, 57, 39);
insert into parking_campus.Places values (578, 58, 39);
insert into parking_campus.Places values (579, 59, 39);
insert into parking_campus.Places values (580, 60, 39);
insert into parking_campus.Places values (581, 61, 39);
insert into parking_campus.Places values (582, 62, 39);
insert into parking_campus.Places values (583, 63, 39);
insert into parking_campus.Places values (584, 64, 39);
insert into parking_campus.Places values (585, 65, 39);
insert into parking_campus.Places values (586, 66, 39);
insert into parking_campus.Places values (587, 67, 39);
insert into parking_campus.Places values (588, 68, 39);
insert into parking_campus.Places values (589, 69, 39);
insert into parking_campus.Places values (590, 70, 39);
insert into parking_campus.Places values (591, 71, 39);
insert into parking_campus.Places values (592, 72, 39);
insert into parking_campus.Places values (593, 73, 39);
insert into parking_campus.Places values (594, 74, 39);
insert into parking_campus.Places values (595, 75, 39);
insert into parking_campus.Places values (596, 76, 39);
insert into parking_campus.Places values (597, 77, 39);
insert into parking_campus.Places values (598, 78, 39);
insert into parking_campus.Places values (599, 79, 39);
insert into parking_campus.Places values (600, 80, 39);
insert into parking_campus.Places values (601, 81, 39);
insert into parking_campus.Places values (602, 82, 39);
insert into parking_campus.Places values (603, 83, 39);
insert into parking_campus.Places values (604, 84, 39);
insert into parking_campus.Places values (605, 85, 39);
insert into parking_campus.Places values (606, 86, 39);
insert into parking_campus.Places values (607, 87, 39);
insert into parking_campus.Places values (608, 88, 39);
insert into parking_campus.Places values (609, 89, 39);
insert into parking_campus.Places values (610, 90, 39);
insert into parking_campus.Places values (611, 91, 39);
insert into parking_campus.Places values (612, 0, 40);
insert into parking_campus.Places values (613, 1, 40);
insert into parking_campus.Places values (614, 2, 40);
insert into parking_campus.Places values (615, 3, 40);
insert into parking_campus.Places values (616, 4, 40);
insert into parking_campus.Places values (617, 5, 40);
insert into parking_campus.Places values (618, 6, 40);
insert into parking_campus.Places values (619, 7, 40);
insert into parking_campus.Places values (620, 8, 40);
insert into parking_campus.Places values (621, 0, 41);
insert into parking_campus.Places values (622, 1, 41);
insert into parking_campus.Places values (623, 2, 41);
insert into parking_campus.Places values (624, 3, 41);
insert into parking_campus.Places values (625, 4, 41);
insert into parking_campus.Places values (626, 5, 41);
insert into parking_campus.Places values (627, 6, 41);
insert into parking_campus.Places values (628, 7, 41);
insert into parking_campus.Places values (629, 8, 41);
insert into parking_campus.Places values (630, 9, 41);
insert into parking_campus.Places values (631, 10, 41);
insert into parking_campus.Places values (632, 11, 41);
insert into parking_campus.Places values (633, 12, 41);
insert into parking_campus.Places values (634, 13, 41);
insert into parking_campus.Places values (635, 14, 41);
insert into parking_campus.Places values (636, 15, 41);
insert into parking_campus.Places values (637, 16, 41);
insert into parking_campus.Places values (638, 17, 41);
insert into parking_campus.Places values (639, 18, 41);
insert into parking_campus.Places values (640, 19, 41);
insert into parking_campus.Places values (641, 20, 41);
insert into parking_campus.Places values (642, 21, 41);
insert into parking_campus.Places values (643, 0, 42);
insert into parking_campus.Places values (644, 1, 42);
insert into parking_campus.Places values (645, 2, 42);
insert into parking_campus.Places values (646, 3, 42);
insert into parking_campus.Places values (647, 4, 42);
insert into parking_campus.Places values (648, 5, 42);
insert into parking_campus.Places values (649, 6, 42);
insert into parking_campus.Places values (650, 7, 42);
insert into parking_campus.Places values (651, 8, 42);
insert into parking_campus.Places values (652, 9, 42);
insert into parking_campus.Places values (653, 10, 42);
insert into parking_campus.Places values (654, 11, 42);
insert into parking_campus.Places values (655, 12, 42);
insert into parking_campus.Places values (656, 13, 42);
insert into parking_campus.Places values (657, 14, 42);
insert into parking_campus.Places values (658, 0, 43);
insert into parking_campus.Places values (659, 1, 43);
insert into parking_campus.Places values (660, 0, 44);
insert into parking_campus.Places values (661, 1, 44);
insert into parking_campus.Places values (662, 2, 44);
insert into parking_campus.Places values (663, 3, 44);
insert into parking_campus.Places values (664, 4, 44);
insert into parking_campus.Places values (665, 5, 44);
insert into parking_campus.Places values (666, 6, 44);
insert into parking_campus.Places values (667, 7, 44);
insert into parking_campus.Places values (668, 8, 44);
insert into parking_campus.Places values (669, 9, 44);
insert into parking_campus.Places values (670, 10, 44);
insert into parking_campus.Places values (671, 11, 44);
insert into parking_campus.Places values (672, 12, 44);
insert into parking_campus.Places values (673, 13, 44);
insert into parking_campus.Places values (674, 14, 44);
insert into parking_campus.Places values (675, 15, 44);
insert into parking_campus.Places values (676, 0, 45);
insert into parking_campus.Places values (677, 1, 45);
insert into parking_campus.Places values (678, 2, 45);
insert into parking_campus.Places values (679, 3, 45);
insert into parking_campus.Places values (680, 4, 45);
insert into parking_campus.Places values (681, 5, 45);
insert into parking_campus.Places values (682, 6, 45);
insert into parking_campus.Places values (683, 7, 45);
insert into parking_campus.Places values (684, 8, 45);
insert into parking_campus.Places values (685, 9, 45);
insert into parking_campus.Places values (686, 10, 45);
insert into parking_campus.Places values (687, 11, 45);
insert into parking_campus.Places values (688, 12, 45);
insert into parking_campus.Places values (689, 13, 45);
insert into parking_campus.Places values (690, 14, 45);
insert into parking_campus.Places values (691, 15, 45);
insert into parking_campus.Places values (692, 16, 45);
insert into parking_campus.Places values (693, 17, 45);
insert into parking_campus.Places values (694, 18, 45);
insert into parking_campus.Places values (695, 19, 45);
insert into parking_campus.Places values (696, 0, 46);
insert into parking_campus.Places values (697, 1, 46);
insert into parking_campus.Places values (698, 2, 46);
insert into parking_campus.Places values (699, 3, 46);
insert into parking_campus.Places values (700, 4, 46);
insert into parking_campus.Places values (701, 5, 46);
insert into parking_campus.Places values (702, 6, 46);
insert into parking_campus.Places values (703, 7, 46);
insert into parking_campus.Places values (704, 8, 46);
insert into parking_campus.Places values (705, 9, 46);
insert into parking_campus.Places values (706, 10, 46);
insert into parking_campus.Places values (707, 11, 46);
insert into parking_campus.Places values (708, 12, 46);
insert into parking_campus.Places values (709, 13, 46);
insert into parking_campus.Places values (710, 14, 46);
insert into parking_campus.Places values (711, 15, 46);
insert into parking_campus.Places values (712, 16, 46);
insert into parking_campus.Places values (713, 17, 46);
insert into parking_campus.Places values (714, 18, 46);
insert into parking_campus.Places values (715, 19, 46);
insert into parking_campus.Places values (716, 20, 46);
insert into parking_campus.Places values (717, 21, 46);
insert into parking_campus.Places values (718, 22, 46);
insert into parking_campus.Places values (719, 23, 46);
insert into parking_campus.Places values (720, 24, 46);
insert into parking_campus.Places values (721, 25, 46);
insert into parking_campus.Places values (722, 26, 46);
insert into parking_campus.Places values (723, 27, 46);
insert into parking_campus.Places values (724, 28, 46);
insert into parking_campus.Places values (725, 29, 46);
insert into parking_campus.Places values (726, 30, 46);
insert into parking_campus.Places values (727, 31, 46);
insert into parking_campus.Places values (728, 32, 46);
insert into parking_campus.Places values (729, 33, 46);
insert into parking_campus.Places values (730, 34, 46);
insert into parking_campus.Places values (731, 35, 46);
insert into parking_campus.Places values (732, 36, 46);
insert into parking_campus.Places values (733, 0, 47);
insert into parking_campus.Places values (734, 1, 47);
insert into parking_campus.Places values (735, 2, 47);
insert into parking_campus.Places values (736, 3, 47);
insert into parking_campus.Places values (737, 4, 47);
insert into parking_campus.Places values (738, 5, 47);
insert into parking_campus.Places values (739, 6, 47);
insert into parking_campus.Places values (740, 0, 48);
insert into parking_campus.Places values (741, 1, 48);
insert into parking_campus.Places values (742, 2, 48);
insert into parking_campus.Places values (743, 3, 48);
insert into parking_campus.Places values (744, 4, 48);
insert into parking_campus.Places values (745, 5, 48);
insert into parking_campus.Places values (746, 6, 48);
insert into parking_campus.Places values (747, 7, 48);
insert into parking_campus.Places values (748, 8, 48);
insert into parking_campus.Places values (749, 9, 48);
insert into parking_campus.Places values (750, 10, 48);
insert into parking_campus.Places values (751, 11, 48);
insert into parking_campus.Places values (752, 12, 48);
insert into parking_campus.Places values (753, 0, 49);
insert into parking_campus.Places values (754, 1, 49);
insert into parking_campus.Places values (755, 2, 49);
insert into parking_campus.Places values (756, 3, 49);
insert into parking_campus.Places values (757, 4, 49);
insert into parking_campus.Places values (758, 5, 49);
insert into parking_campus.Places values (759, 6, 49);
insert into parking_campus.Places values (760, 7, 49);
insert into parking_campus.Places values (761, 8, 49);
insert into parking_campus.Places values (762, 9, 49);
insert into parking_campus.Places values (763, 10, 49);
insert into parking_campus.Places values (764, 11, 49);
insert into parking_campus.Places values (765, 12, 49);
insert into parking_campus.Places values (766, 13, 49);
insert into parking_campus.Places values (767, 14, 49);
insert into parking_campus.Places values (768, 15, 49);
insert into parking_campus.Places values (769, 16, 49);
insert into parking_campus.Places values (770, 17, 49);
insert into parking_campus.Places values (771, 18, 49);
insert into parking_campus.Places values (772, 19, 49);
insert into parking_campus.Places values (773, 20, 49);
insert into parking_campus.Places values (774, 21, 49);
insert into parking_campus.Places values (775, 22, 49);
insert into parking_campus.Places values (776, 23, 49);
insert into parking_campus.Places values (777, 24, 49);
insert into parking_campus.Places values (778, 25, 49);
insert into parking_campus.Places values (779, 26, 49);
insert into parking_campus.Places values (780, 27, 49);
insert into parking_campus.Places values (781, 28, 49);
insert into parking_campus.Places values (782, 29, 49);
insert into parking_campus.Places values (783, 30, 49);
insert into parking_campus.Places values (784, 31, 49);
insert into parking_campus.Places values (785, 32, 49);
insert into parking_campus.Places values (786, 33, 49);
insert into parking_campus.Places values (787, 34, 49);
insert into parking_campus.Places values (788, 35, 49);
insert into parking_campus.Places values (789, 36, 49);
insert into parking_campus.Places values (790, 37, 49);
insert into parking_campus.Places values (791, 0, 50);
insert into parking_campus.Places values (792, 1, 50);
insert into parking_campus.Places values (793, 2, 50);
insert into parking_campus.Places values (794, 3, 50);
insert into parking_campus.Places values (795, 4, 50);
insert into parking_campus.Places values (796, 5, 50);
insert into parking_campus.Places values (797, 6, 50);
insert into parking_campus.Places values (798, 7, 50);
insert into parking_campus.Places values (799, 8, 50);
insert into parking_campus.Places values (800, 9, 50);
insert into parking_campus.Places values (801, 10, 50);
insert into parking_campus.Places values (802, 0, 51);
insert into parking_campus.Places values (803, 1, 51);
insert into parking_campus.Places values (804, 2, 51);
insert into parking_campus.Places values (805, 0, 52);
insert into parking_campus.Places values (806, 1, 52);
insert into parking_campus.Places values (807, 2, 52);
insert into parking_campus.Places values (808, 3, 52);
insert into parking_campus.Places values (809, 4, 52);
insert into parking_campus.Places values (810, 5, 52);
insert into parking_campus.Places values (811, 6, 52);
insert into parking_campus.Places values (812, 7, 52);

-- -----------------------------------------------------
-- Table parking_campus.Stationnements
-- -----------------------------------------------------
insert into parking_campus.Stationnements values (1, '2022-04-15 20:50:54', '2022-12-27 20:52:52', 639, 'ZG99FA');
insert into parking_campus.Stationnements values (2, '2022-01-02 19:16:26', '2022-12-09 23:58:01', 583, 'SM65WY');
insert into parking_campus.Stationnements values (3, '2022-06-16 12:40:16', '2022-11-21 06:12:12', 134, 'IR11LX');
insert into parking_campus.Stationnements values (4, '2022-09-09 14:49:44', '2022-11-25 17:43:19', 292, 'AW96NT');
insert into parking_campus.Stationnements values (5, '2022-07-21 09:22:38', '2022-12-16 00:08:38', 296, 'QK92LN');
insert into parking_campus.Stationnements values (6, '2022-07-05 05:20:22', '2022-12-14 23:17:40', 403, 'HO79IK');
insert into parking_campus.Stationnements values (7, '2022-08-09 07:39:07', '2022-12-30 14:50:42', 147, 'GE55HB');
insert into parking_campus.Stationnements values (8, '2022-04-10 21:32:19', '2022-12-07 20:08:56', 740, 'FL43XT');
insert into parking_campus.Stationnements values (9, '2022-01-17 01:50:17', '2022-12-25 02:26:47', 536, 'SR47MY');
insert into parking_campus.Stationnements values (10, '2022-01-08 01:51:24', '2022-11-04 22:28:35', 786, 'ST25HO');
insert into parking_campus.Stationnements values (11, '2022-07-22 09:01:59', '2022-12-04 10:07:58', 781, 'LV87JF');
insert into parking_campus.Stationnements values (12, '2022-05-14 23:26:30', '2022-11-20 14:24:51', 723, 'ND92IO');
insert into parking_campus.Stationnements values (13, '2022-05-06 04:31:18', '2022-12-12 20:30:16', 73, 'PG90PN');
insert into parking_campus.Stationnements values (14, '2022-05-31 08:16:19', '2022-05-31 09:29:41', 531, 'MU93BK');
insert into parking_campus.Stationnements values (15, '2022-05-31 10:16:19', '2022-12-02 11:29:41', 532, 'MU93BK');
